"","player","position","team","points","sd_pts","dropoff","floor","ceiling","points_vor","floor_vor","ceiling_vor","rank","floor_rank","ceiling_rank","position_rank","tier","adp","aav","uncertainty"
"1","Cooper Kupp","WR","LAR",22.5,1.22,1.29,21.1,23.8,12.8,12.7,11.9,1,1,1,1,"1",NA,NA,62
"2","Justin Jefferson","WR","MIN",21.2,1.48,0.506,19.9,22.6,11.5,11.4,10.7,2,2,4,2,"1",NA,NA,73
"3","Saquon Barkley","RB","NYG",20.3,1.23,0.73,19,22.2,11.1,11.3,9.48,3,3,7,1,"1",NA,NA,73
"4","Tyreek Hill","WR","MIA",20.7,2.68,0.0722,18.6,22.7,11,10.2,10.8,4,5,3,3,"1",NA,NA,96
"5","Davante Adams","WR","LVR",20.6,2.06,0.351,18.5,22.2,11,10.1,10.3,5,6,6,4,"2",NA,NA,89
"6","Stefon Diggs","WR","BUF",20.2,1.69,1.48,18.5,22.9,10.6,10,11.1,6,7,2,5,"3",NA,NA,82
"7","Derrick Henry","RB","TEN",19.6,0.504,0.161,18.8,22,10.4,11.1,9.27,7,4,8,2,"1",NA,NA,19
"8","Alvin Kamara","RB","NO",19.4,0.114,0.385,17.1,20.4,10.2,9.51,7.65,8,9,17,3,"1",NA,NA,4
"9","Christian McCaffrey","RB","SF",19,1.95,0.748,17.1,21.4,9.83,9.51,8.62,9,8,12,4,"2",NA,NA,91
"10","Mark Andrews","TE","BAL",16.6,1.02,3.27,15.2,19.1,9.3,9,10.6,10,11,5,1,"1",NA,NA,64
"11","DeAndre Hopkins","WR","ARI",18.8,2.7,1.23,16.2,21.1,9.11,7.73,9.23,11,15,9,6,"4",NA,NA,97
"12","Joe Mixon","RB","CIN",18.3,1.07,0.154,15.9,19.3,9.08,8.25,6.59,12,13,26,5,"2",NA,NA,60
"13","Josh Jacobs","RB","LVR",18.1,1.07,0.39,16.9,20,8.93,9.26,7.3,13,10,22,6,"3",NA,NA,61
"14","Jonathan Taylor","RB","IND",17.8,1.5,0.295,14.8,19,8.54,7.19,6.25,14,19,31,7,"3",NA,NA,84
"15","Leonard Fournette","RB","TB",17.5,0.904,0.704,16.3,20.2,8.25,8.67,7.44,15,12,20,8,"4",NA,NA,53
"16","A.J. Brown","WR","PHI",17.5,1.14,0.206,16.1,20.1,7.89,7.67,8.19,16,17,14,7,"4",NA,NA,61
"17","CeeDee Lamb","WR","DAL",17.3,2.68,0.171,14.8,20.4,7.68,6.34,8.52,17,27,13,8,"4",NA,NA,94
"18","Tony Pollard","RB","DAL",16.8,1.22,0.114,14.6,17.7,7.54,7.01,4.92,18,21,43,9,"4",NA,NA,71
"19","Tee Higgins","WR","CIN",17.2,1.77,0.0747,15,19.8,7.51,6.52,7.94,19,26,15,9,"4",NA,NA,83
"20","Mike Evans","WR","TB",17.1,0.903,0.313,16.2,19.7,7.44,7.7,7.82,20,16,16,10,"4",NA,NA,44
"21","Travis Etienne","RB","JAC",16.6,0.86,0.201,14.5,19.1,7.43,6.83,6.34,21,24,29,10,"4",NA,NA,47
"22","Nick Chubb","RB","CLE",16.4,1.38,0.145,15.4,18.3,7.23,7.73,5.6,22,14,36,11,"4",NA,NA,80
"23","Josh Allen","QB","BUF",25.3,1.19,2.17,24.1,27.8,7.18,7.13,7.4,23,20,21,1,"1",NA,NA,79
"24","Chris Olave","WR","NO",16.8,2.29,0.0635,14.6,19.4,7.13,6.14,7.56,24,29,18,11,"4",NA,NA,92
"25","Aaron Jones","RB","GB",16.3,0.584,0.116,14.6,19.3,7.08,6.96,6.52,25,23,27,12,"4",NA,NA,23
"26","Jaylen Waddle","WR","MIA",16.7,2.37,0.288,14.5,19,7.06,6.09,7.1,26,30,24,12,"5",NA,NA,93
"27","Dalvin Cook","RB","MIN",16.2,1.1,0.019,14.2,19.1,6.97,6.57,6.4,27,25,28,13,"4",NA,NA,67
"28","Dameon Pierce","RB","HOU",16.2,1.04,0.39,15,17.8,6.95,7.39,5.03,28,18,42,14,"5",NA,NA,59
"29","Amon-Ra St. Brown","WR","DET",16.4,1.88,0.0425,13.4,20.5,6.77,4.99,8.66,29,35,11,13,"5",NA,NA,85
"30","Tyler Lockett","WR","SEA",16.4,3.88,0.323,13.3,19.4,6.73,4.89,7.55,30,36,19,14,"5",NA,NA,99
"31","Rhamondre Stevenson","RB","NE",15.8,1.08,0.36,13.5,19,6.56,5.9,6.24,31,31,32,15,"5",NA,NA,63
"32","Chris Godwin","WR","TB",16.1,1.33,1.66,14.7,18.6,6.41,6.26,6.7,32,28,25,15,"6",NA,NA,70
"33","Kenneth Walker III","RB","SEA",15.4,0.179,0.723,14.6,17.2,6.2,6.96,4.46,33,22,46,16,"6",NA,NA,6
"34","George Kittle","TE","SF",13.3,1.06,1.31,11.2,17.3,6.03,5.07,8.79,34,34,10,2,"2",NA,NA,70
"35","D'Andre Swift","RB","DET",14.7,2.56,0.568,12.1,16.8,5.47,4.52,4.11,35,40,51,17,"7",NA,NA,96
"36","Jalen Hurts","QB","PHI",23.2,0.377,1.43,22.4,24.6,5.01,5.45,4.22,36,33,48,2,"2",NA,NA,21
"37","Miles Sanders","RB","PHI",14.1,0.848,0.375,13.3,16.4,4.91,5.71,3.61,37,32,56,18,"7",NA,NA,44
"38","Brandin Cooks","WR","HOU",14.4,1.11,0.00225,12.7,17.1,4.75,4.22,5.2,38,44,40,16,"6",NA,NA,58
"39","D.J. Moore","WR","CAR",14.4,2.05,0.0852,12.9,17.6,4.75,4.4,5.71,39,42,35,17,"6",NA,NA,87
"40","Dallas Goedert","TE","PHI",12,0.398,0.43,11,12.4,4.72,4.87,3.87,40,37,54,3,"3",NA,NA,15
"41","DeVonta Smith","WR","PHI",14.3,0.563,0.025,13,16.8,4.66,4.55,4.89,41,39,44,18,"6",NA,NA,25
"42","Amari Cooper","WR","CLE",14.3,0.651,0.0693,13.2,19.1,4.64,4.76,7.19,42,38,23,19,"6",NA,NA,28
"43","Gabriel Davis","WR","BUF",14.2,1.62,0.413,11.2,17.3,4.57,2.79,5.41,43,54,39,20,"7",NA,NA,79
"44","DOnta Foreman","RB","CAR",13.7,1.9,0.242,11.8,16,4.53,4.13,3.23,44,45,58,19,"7",NA,NA,90
"45","Eno Benjamin","RB","ARI",13.5,0.798,0.0398,12.1,16.8,4.29,4.42,4.05,46,41,52,20,"8",NA,NA,40
"46","T.J. Hockenson","TE","DET",11.6,1.72,0.417,10.2,14,4.29,4.02,5.54,45,46,37,4,"3",NA,NA,91
"47","Raheem Mostert","RB","MIA",13.5,1.43,0.638,11.9,15.5,4.25,4.28,2.8,47,43,61,21,"8",NA,NA,83
"48","Brandon Aiyuk","WR","SF",13.8,1.48,0.518,12.2,18.2,4.16,3.73,6.33,48,48,30,21,"7",NA,NA,75
"49","Zach Ertz","TE","ARI",11.2,0.86,0.677,8.94,14.3,3.87,2.79,5.76,49,55,34,5,"4",NA,NA,55
"50","Michael Pittman","WR","IND",13.3,1.29,0.263,11.8,17.3,3.64,3.35,5.47,50,51,38,22,"7",NA,NA,66
"51","David Montgomery","RB","CHI",12.8,2.76,0.429,10.1,15.4,3.61,2.5,2.7,51,56,62,22,"9",NA,NA,97
"52","Lamar Jackson","QB","BAL",21.7,0.674,1.43,20.4,23.5,3.58,3.45,3.1,52,50,59,3,"3",NA,NA,36
"53","Christian Kirk","WR","JAC",13,1.29,0.065,11.5,16.6,3.38,3.06,4.79,53,52,45,23,"8",NA,NA,68
"54","Tyler Boyd","WR","CIN",13,0.089,0.059,12.2,14.5,3.31,3.77,2.64,54,47,63,24,"8",NA,NA,3
"55","Adam Thielen","WR","MIN",12.9,1.07,0.0748,9.84,13.8,3.25,1.39,1.95,55,74,71,25,"8",NA,NA,52
"56","Tyler Higbee","TE","LAR",10.5,0.163,0.755,9.1,10.6,3.2,2.95,2.15,56,53,68,6,"5",NA,NA,3
"57","Najee Harris","RB","PIT",12.4,0.384,0.108,9.54,12.9,3.18,1.92,0.112,57,66,101,23,"9",NA,NA,14
"58","Terry McLaurin","WR","WAS",12.8,2.99,0.209,9.89,17,3.18,1.43,5.16,58,73,41,26,"8",NA,NA,99
"59","Devin Singletary","RB","BUF",12.3,0.682,0.838,9,13.8,3.07,1.37,1.09,59,75,81,24,"10",NA,NA,33
"60","Diontae Johnson","WR","PIT",12.6,0.0445,0.406,12.1,16,2.97,3.62,4.12,60,49,50,27,"8",NA,NA,1
"61","Courtland Sutton","WR","DEN",12.2,0.925,0.0532,10.8,13.6,2.56,2.32,1.73,61,60,75,28,"8",NA,NA,46
"62","Jakobi Meyers","WR","NE",12.2,0.767,0.631,10.9,15.7,2.51,2.42,3.85,62,58,55,29,"9",NA,NA,32
"63","Darren Waller","TE","LVR",9.75,0.474,0.133,8.61,12.6,2.44,2.45,4.14,63,57,49,7,"5",NA,NA,24
"64","Pat Freiermuth","TE","PIT",9.62,0.741,0.0921,8.5,10.3,2.31,2.35,1.81,64,59,73,8,"5",NA,NA,45
"65","Michael Carter","RB","NYJ",11.4,1.37,0.463,9.63,13.2,2.24,2,0.413,65,63,90,25,"10",NA,NA,79
"66","Kyle Pitts","TE","ATL",9.53,1.6,0.514,7.4,10.7,2.22,1.25,2.24,66,76,67,9,"6",NA,NA,88
"67","Kyler Murray","QB","ARI",20.3,0.929,0.136,18.7,21.7,2.16,1.82,1.26,67,67,80,4,"4",NA,NA,61
"68","Joe Burrow","QB","CIN",20.2,0.386,0.411,18.7,21,2.02,1.77,0.605,68,69,85,5,"4",NA,NA,24
"69","Wan'Dale Robinson","WR","NYG",11.5,0.46,0.0325,9.14,15.3,1.88,0.686,3.47,69,89,57,30,"9",NA,NA,17
"70","Jerry Jeudy","WR","DEN",11.5,0.506,0.0925,10.6,13.1,1.85,2.14,1.27,70,62,79,31,"9",NA,NA,21
"71","Cowboys","DST","DAL",7.18,1.91,0.633,6,8.56,1.8,1.12,2.63,71,79,64,1,"1",NA,NA,99
"72","Darrell Henderson","RB","LAR",11,0.197,0.134,8.57,12.7,1.77,0.94,0,72,84,106,26,"10",NA,NA,9
"73","Robert Woods","WR","TEN",11.4,1.22,0.177,9.44,12.8,1.75,0.989,0.981,73,82,82,32,"9",NA,NA,63
"74","Hayden Hurst","TE","CIN",9.01,1.56,0.0791,7.79,10.3,1.7,1.63,1.76,74,72,74,10,"6",NA,NA,85
"75","Melvin Gordon","RB","DEN",10.9,2.11,0.115,7.76,15.8,1.64,0.138,3.02,75,102,60,27,"11",NA,NA,93
"76","Irv Smith Jr.","TE","MIN",8.93,0.83,0.0373,6.61,12.9,1.62,0.453,4.36,76,92,47,11,"6",NA,NA,52
"77","Tua Tagovailoa","QB","MIA",19.7,0.797,0.4,17.4,20.6,1.61,0.481,0.156,77,90,98,6,"5",NA,NA,55
"78","Curtis Samuel","WR","WAS",11.2,0.549,0.456,10.4,12.4,1.58,1.94,0.575,79,65,86,33,"10",NA,NA,24
"79","Robert Tonyan","TE","GB",8.9,0.993,0.309,7.88,14.4,1.58,1.72,5.94,78,70,33,12,"7",NA,NA,61
"80","Gus Edwards","RB","BAL",10.7,1.62,0.474,8.65,13,1.52,1.02,0.266,80,81,94,28,"11",NA,NA,86
"81","Greg Dulcich","TE","DEN",8.59,0.245,0.0446,7.1,8.94,1.28,0.942,0.45,81,83,89,13,"7",NA,NA,6
"82","Dalton Schultz","TE","DAL",8.54,0.284,0.13,8.32,10.6,1.23,2.17,2.12,82,61,69,14,"7",NA,NA,9
"83","Kirk Cousins","QB","MIN",19.3,0.938,0.266,18.2,20.6,1.21,1.24,0.203,83,77,97,7,"5",NA,NA,67
"84","Eagles","DST","PHI",6.54,1.01,0.125,5.59,8,1.16,0.698,2.07,84,88,70,2,"2",NA,NA,93
"85","Drake London","WR","ATL",10.8,0.798,0.223,9.5,11.9,1.12,1.05,0,85,80,106,34,"10",NA,NA,38
"86","Evan Engram","TE","JAC",8.41,0.58,0.674,7.85,9.05,1.1,1.69,0.563,86,71,87,15,"8",NA,NA,36
"87","Brian Robinson","RB","WAS",10.3,0.645,1.05,9.62,14.2,1.05,1.99,1.47,87,64,77,29,"12",NA,NA,27
"88","49ers","DST","SF",6.42,1.16,0.405,5.09,7.8,1.04,0.2,1.87,88,100,72,3,"3",NA,NA,97
"89","Tom Brady","QB","TB",19.1,0.267,0.717,18.7,20.6,0.946,1.8,0.143,89,68,99,8,"6",NA,NA,9
"90","George Pickens","WR","PIT",10.6,0.861,0.02,9.34,15.8,0.9,0.88,3.97,90,86,53,35,"10",NA,NA,39
"91","Darnell Mooney","WR","CHI",10.5,0.775,0.136,8.7,12,0.88,0.249,0.124,91,97,100,36,"10",NA,NA,35
"92","Hunter Renfrow","WR","LVR",10.4,1.68,0.00512,8.66,12.1,0.744,0.203,0.242,92,99,96,37,"10",NA,NA,80
"93","Garrett Wilson","WR","NYJ",10.4,0.741,0.33,9.67,11.4,0.739,1.21,-0.444,93,78,115,38,"11",NA,NA,30
"94","Patriots","DST","NE",6.02,0.0297,0.345,5.81,6.22,0.633,0.924,0.284,94,85,92,4,"4",NA,NA,1
"95","Mike Gesicki","TE","MIA",7.74,1.88,0.105,6.28,10.1,0.427,0.119,1.62,95,104,76,16,"8",NA,NA,94
"96","Rashod Bateman","WR","BAL",10.1,1.08,0.409,8.69,11.1,0.409,0.237,-0.808,96,98,132,39,"11",NA,NA,54
"97","Dawson Knox","TE","BUF",7.63,0.46,0.165,6.57,8.33,0.322,0.416,-0.158,97,93,108,17,"9",NA,NA,21
"98","Falcons","DST","ATL",5.67,0.445,0.0833,5.34,5.96,0.288,0.456,0.028,98,91,104,5,"5",NA,NA,48
"99","Dak Prescott","QB","DAL",18.4,0.319,0.228,17.8,19.4,0.228,0.859,-0.985,99,87,138,9,"6",NA,NA,12
"100","Colts","DST","IND",5.59,0.321,0.152,5.23,6.25,0.205,0.346,0.321,100,94,91,6,"6",NA,NA,28
"101","Cade Otton","TE","TB",7.47,1.37,0.106,6.16,9.01,0.158,0,0.521,101,106,88,18,"9",NA,NA,79
"102","Browns","DST","CLE",5.44,0.46,0.04,3.87,5.93,0.0533,-1.01,0,102,140,106,7,"7",NA,NA,52
"103","Hunter Henry","TE","NE",7.36,1.03,0.052,6.08,8.24,0.052,-0.075,-0.253,103,107,113,19,"9",NA,NA,67
"104","Titans","DST","TEN",5.4,0.356,0.00333,4.89,5.69,0.0133,0,-0.246,104,106,112,8,"7",NA,NA,38
"105","Jets","DST","NYJ",5.39,0.969,0.01,4.55,6.2,0.01,-0.333,0.268,105,117,93,9,"7",NA,NA,90
"106","Daniel Jones","QB","NYG",18.1,1.3,0.132,16.9,21.1,0,0,0.674,106,106,84,10,"7",NA,NA,82
"107","Tyler Allgeier","RB","ATL",9.21,3.47,0.322,6.62,11.8,0,-1.01,-0.91,106,139,136,30,"13",NA,NA,99
"108","Chase Claypool","WR","PIT",9.65,0.311,0.02,8.16,10.3,0,-0.296,-1.55,106,115,146,40,"11",NA,NA,7
"109","Logan Thomas","TE","WAS",7.31,0.894,0.0085,6.44,8.27,0,0.285,-0.22,106,95,111,20,"9",NA,NA,58
"110","Commanders","DST","WAS",5.38,0.346,0.0183,5.01,5.73,0,0.126,-0.207,106,103,110,10,"8",NA,NA,34
"111","Juwan Johnson","TE","NO",7.3,1.35,0.213,6,8.54,-0.0085,-0.154,0.0451,107,110,103,21,"9",NA,NA,76
"112","Buccaneers","DST","TB",5.36,0.242,0.0633,4.95,5.94,-0.0183,0.0667,0.008,108,105,105,11,"9",NA,NA,21
"113","Donovan Peoples-Jones","WR","CLE",9.63,0.541,0.07,7.41,10.3,-0.02,-1.05,-1.53,109,142,145,41,"11",NA,NA,23
"114","Vikings","DST","MIN",5.3,0.148,0.12,5.04,5.42,-0.0817,0.155,-0.511,110,101,123,12,"10",NA,NA,3
"115","Romeo Doubs","WR","GB",9.56,1.57,0.0965,8.46,14.3,-0.09,0,2.4,111,106,65,42,"11",NA,NA,77
"116","Geno Smith","QB","SEA",18,0.986,0.0516,16.7,19.1,-0.132,-0.195,-1.34,112,112,143,11,"7",NA,NA,73
"117","Derek Carr","QB","LVR",18,0.964,0.692,16.5,18.8,-0.183,-0.419,-1.61,113,121,148,12,"8",NA,NA,70
"118","Zay Jones","WR","JAC",9.46,0.909,0.00962,7.97,10.4,-0.187,-0.486,-1.49,114,127,144,43,"11",NA,NA,45
"119","Josh Reynolds","WR","DET",9.45,0.356,0.334,8.01,11,-0.196,-0.447,-0.87,115,123,133,44,"12",NA,NA,13
"120","Jaguars","DST","JAC",5.18,0.222,0.0633,4.53,5.46,-0.202,-0.358,-0.47,116,118,120,13,"11",NA,NA,17
"121","Noah Fant","TE","SEA",7.09,0.741,0.139,6.07,8.01,-0.222,-0.0882,-0.485,117,108,122,22,"10",NA,NA,45
"122","Seahawks","DST","SEA",5.12,0.628,0.0367,4.65,5.53,-0.265,-0.241,-0.406,118,113,114,14,"12",NA,NA,79
"123","Bills","DST","BUF",5.08,0.623,0.02,4.5,6.7,-0.302,-0.388,0.768,119,120,83,15,"12",NA,NA,69
"124","Kareem Hunt","RB","CLE",8.89,0.415,0.427,7.63,10,-0.322,0,-2.7,121,106,168,31,"13",NA,NA,16
"125","Dolphins","DST","MIA",5.06,0.83,0.08,4.44,5.73,-0.322,-0.452,-0.198,120,124,109,16,"13",NA,NA,86
"126","Harrison Bryant","TE","CLE",6.95,1.53,0.155,6.05,8.49,-0.361,-0.107,0,122,109,106,23,"10",NA,NA,82
"127","Rams","DST","LAR",4.98,0.623,0.00333,4.5,5.48,-0.402,-0.384,-0.452,123,119,117,17,"13",NA,NA,76
"128","Panthers","DST","CAR",4.98,0.534,0.00167,4.42,5.49,-0.405,-0.473,-0.444,124,125,115,18,"13",NA,NA,62
"129","Raiders","DST","LVR",4.97,0.178,0.175,4.7,5.31,-0.407,-0.188,-0.626,125,111,126,19,"14",NA,NA,10
"130","Tyler Conklin","TE","NYJ",6.79,0.511,0.316,5.12,7.93,-0.516,-1.04,-0.556,126,141,124,24,"10",NA,NA,27
"131","Rondale Moore","WR","ARI",9.12,1.41,0.0666,8.17,11.9,-0.53,-0.288,0.0756,127,114,102,45,"12",NA,NA,72
"132","Texans","DST","HOU",4.8,0.148,0.0317,4.45,5.16,-0.582,-0.441,-0.776,128,122,131,20,"15",NA,NA,3
"133","DK Metcalf","WR","SEA",9.05,1.94,0.0909,5.41,14.2,-0.597,-3.05,2.35,129,185,66,46,"12",NA,NA,86
"134","Broncos","DST","DEN",4.77,0.519,0.0683,4.01,5.18,-0.613,-0.881,-0.752,130,135,130,21,"16",NA,NA,59
"135","Giants","DST","NYG",4.7,0.756,0.06,2.92,5.22,-0.682,-1.97,-0.708,131,160,129,22,"17",NA,NA,83
"136","Devin Duvernay","WR","BAL",8.96,1.14,0.0595,7.8,9.72,-0.688,-0.652,-2.14,132,132,161,47,"12",NA,NA,59
"137","Saints","DST","NO",4.64,0.563,0.04,3.14,5.48,-0.742,-1.74,-0.448,133,156,116,23,"18",NA,NA,66
"138","Michael Gallup","WR","DAL",8.9,0.798,0.127,7.95,11.4,-0.747,-0.51,-0.475,134,128,121,48,"12",NA,NA,37
"139","AJ Dillon","RB","GB",8.46,0.848,0.0465,7.14,10.8,-0.749,-0.485,-1.97,135,126,154,32,"13",NA,NA,44
"140","Bengals","DST","CIN",4.6,0.267,0.02,4.32,5.31,-0.782,-0.564,-0.626,136,129,127,24,"18",NA,NA,24
"141","Antonio Gibson","RB","WAS",8.42,1.09,0.276,7.33,11,-0.796,-0.299,-1.73,137,116,150,33,"14",NA,NA,64
"142","Packers","DST","GB",4.58,0.222,0.01,3.48,5.04,-0.802,-1.41,-0.896,138,147,135,25,"18",NA,NA,14
"143","Bears","DST","CHI",4.57,0.623,0.06,4.09,5.32,-0.812,-0.8,-0.608,139,134,125,26,"19",NA,NA,69
"144","Will Dissly","TE","SEA",6.48,0.385,0.0381,5.55,7.54,-0.832,-0.607,-0.947,140,130,137,25,"10",NA,NA,12
"145","Ryan Izzo","TE","FA",6.44,NA,0.556,6.44,6.44,-0.871,0.283,-2.05,141,96,156,26,"11",NA,NA,NA
"146","Steelers","DST","PIT",4.51,0.385,0.08,4.24,4.79,-0.872,-0.652,-1.14,142,131,140,27,"20",NA,NA,45
"147","DeVante Parker","WR","NE",8.78,0.979,0.0312,6.71,10,-0.874,-1.74,-1.83,143,155,152,49,"12",NA,NA,51
"148","Jared Goff","QB","DET",17.3,1.5,0.0806,16.2,18.5,-0.875,-0.713,-1.93,144,133,153,13,"8",NA,NA,88
"149","Parris Campbell","WR","IND",8.75,1.28,0.125,6.84,10.8,-0.905,-1.61,-1.05,145,150,139,50,"12",NA,NA,65
"150","Cardinals","DST","ARI",4.43,0.489,0.132,3.96,5.8,-0.952,-0.932,-0.13,146,136,107,28,"21",NA,NA,55
"151","Marcus Mariota","QB","ATL",17.2,0.763,0.497,14.5,20.4,-0.956,-2.47,0,147,169,106,14,"8",NA,NA,48
"152","Alec Pierce","WR","IND",8.62,0.504,0.0803,6.93,9.77,-1.03,-1.53,-2.1,148,149,158,51,"12",NA,NA,20
"153","Jamaal Williams","RB","DET",8.14,0.715,0.637,5.42,13,-1.07,-2.21,0.249,149,163,95,34,"14",NA,NA,37
"154","Lions","DST","DET",4.3,0.371,0.298,2.74,4.66,-1.08,-2.15,-1.27,150,162,142,29,"22",NA,NA,41
"155","Marquise Goodwin","WR","SEA",8.54,2.12,0.00871,5.53,10.3,-1.11,-2.92,-1.56,151,179,147,52,"12",NA,NA,90
"156","Isaiah McKenzie","WR","BUF",8.53,0.262,0.0145,6.78,9.47,-1.12,-1.67,-2.39,152,152,162,53,"12",NA,NA,4
"157","Darius Slayton","WR","NYG",8.52,0.863,0.0865,7.37,11.4,-1.13,-1.08,-0.46,153,143,119,54,"13",NA,NA,41
"158","Sammy Watkins","WR","GB",8.43,1.3,0.22,3.81,10.2,-1.22,-4.65,-1.69,154,241,149,55,"13",NA,NA,69
"159","Ravens","DST","BAL",4,0.321,0,3.65,4.76,-1.38,-1.24,-1.17,155,145,141,30,"22",NA,NA,28
"160","Cole Kmet","TE","CHI",5.88,0.623,0.346,5.22,6.49,-1.43,-0.938,-2.01,156,137,155,27,"12",NA,NA,39
"161","Allen Robinson","WR","LAR",8.21,1.49,0.04,6.95,11,-1.44,-1.5,-0.875,157,148,134,56,"13",NA,NA,76
"162","Andy Dalton","QB","NO",16.7,1.91,1.22,14.5,18.7,-1.45,-2.43,-1.75,158,168,151,15,"9",NA,NA,94
"163","Tre'Quan Smith","WR","NO",8.17,0.977,0.0726,7.49,9.73,-1.48,-0.964,-2.13,159,138,160,57,"13",NA,NA,49
"164","Elijah Moore","WR","NYJ",8.1,0.433,0.0174,6.77,11.2,-1.55,-1.69,-0.656,160,153,128,58,"13",NA,NA,15
"165","K.J. Osborn","WR","MIN",8.08,0.0593,0.3,7.1,8.23,-1.57,-1.35,-3.63,161,146,187,59,"13",NA,NA,1
"166","Latavius Murray","RB","DEN",7.5,1.24,0.186,4.67,8.94,-1.71,-2.96,-3.8,162,182,189,35,"15",NA,NA,74
"167","Taysom Hill","TE","NO",5.54,2,0.366,2.82,9.92,-1.77,-3.34,1.43,163,193,78,28,"13",NA,NA,97
"168","Noah Brown","WR","DAL",7.78,0.317,0.0997,5.47,8.8,-1.87,-2.99,-3.06,164,183,174,60,"13",NA,NA,8
"169","Damien Harris","RB","NE",7.32,1.77,0.024,5.74,10.6,-1.89,-1.89,-2.11,165,159,159,36,"15",NA,NA,89
"170","Rex Burkhead","RB","HOU",7.29,0.578,0.279,5.8,8.75,-1.92,-1.83,-4,166,157,195,37,"15",NA,NA,21
"171","Mack Hollins","WR","LVR",7.68,0.977,0.133,5.96,8.59,-1.97,-2.5,-3.27,167,170,183,61,"14",NA,NA,48
"172","Kalif Raymond","WR","DET",7.55,0.332,0.0725,6.58,8.69,-2.1,-1.87,-3.18,168,158,179,62,"14",NA,NA,10
"173","Adam Trautman","TE","NO",5.17,0.0198,0.0692,2.07,5.44,-2.14,-4.09,-3.05,169,224,173,29,"13",NA,NA,1
"174","Marvin Jones","WR","JAC",7.48,0.483,0.13,5.67,9.09,-2.18,-2.79,-2.78,170,176,169,63,"14",NA,NA,18
"175","Rachaad White","RB","TB",7.02,0.652,0.101,4.73,7.72,-2.2,-2.9,-5.02,171,178,230,38,"15",NA,NA,29
"176","Jordan Akins","TE","HOU",5.1,0.552,0.103,3.79,5.9,-2.21,-2.37,-2.59,172,165,166,30,"13",NA,NA,33
"177","Nyheim Hines","RB","IND",6.92,0.789,0.0452,5.98,7.91,-2.3,-1.65,-4.83,173,151,223,39,"15",NA,NA,39
"178","Olamide Zaccheaus","WR","ATL",7.35,0.89,0.049,5.69,11.4,-2.31,-2.77,-0.457,174,175,118,64,"14",NA,NA,42
"179","Albert Okwuegbunam","TE","DEN",5,NA,0.54,5,5,-2.31,-1.16,-3.49,175,144,185,31,"14",NA,NA,NA
"180","Khalil Herbert","RB","CHI",6.87,0.208,0.29,5.92,10.2,-2.34,-1.71,-2.58,176,154,165,40,"15",NA,NA,10
"181","Marquez Callaway","WR","NO",7.3,0.351,0.239,5.75,7.78,-2.35,-2.71,-4.08,177,173,199,65,"14",NA,NA,11
"182","Tyquan Thornton","WR","NE",7.06,1.1,0.187,1.87,8.61,-2.59,-6.59,-3.25,178,313,182,66,"14",NA,NA,55
"183","Dontrell Hilliard","RB","TEN",6.58,1.7,0.0128,4.94,9.47,-2.63,-2.68,-3.27,179,172,184,41,"15",NA,NA,87
"184","James Robinson","RB","NYJ",6.57,1.14,0.468,5.53,8.16,-2.65,-2.1,-4.59,180,161,212,42,"16",NA,NA,70
"185","Matthew Stafford","QB","LAR",15.5,0.33,0.196,14,17.9,-2.68,-2.94,-2.56,181,181,164,16,"9",NA,NA,15
"186","Christian Watson","WR","GB",6.87,0.292,0.323,6.17,8.72,-2.78,-2.29,-3.14,182,164,178,67,"15",NA,NA,6
"187","Austin Hooper","TE","TEN",4.46,0.439,0.0696,3.34,5.52,-2.85,-2.82,-2.97,183,177,172,32,"14",NA,NA,18
"188","Sam Ehlinger","QB","IND",15.3,0.849,0.0199,13.4,15.9,-2.87,-3.58,-4.49,184,200,210,17,"9",NA,NA,58
"189","Russell Wilson","QB","DEN",15.2,0.709,0.185,14.5,16.6,-2.89,-2.39,-3.79,185,167,188,18,"10",NA,NA,39
"190","Brevin Jordan","TE","HOU",4.39,0.724,0.176,3.55,5.56,-2.92,-2.61,-2.93,186,171,171,33,"14",NA,NA,42
"191","Justin Fields","QB","CHI",15.1,0.732,0.00515,13.6,16,-3.08,-3.33,-4.4,187,191,207,19,"10",NA,NA,42
"192","Trevor Lawrence","QB","JAC",15.1,1.19,0.591,14,16.1,-3.08,-2.94,-4.31,188,180,206,20,"10",NA,NA,76
"193","Julio Jones","WR","TB",6.55,0.568,0.002,6.08,6.93,-3.1,-2.37,-4.93,190,166,226,68,"15",NA,NA,27
"194","O.J. Howard","TE","HOU",4.21,2.13,0.226,1.99,6.42,-3.1,-4.17,-2.07,189,227,157,34,"15",NA,NA,99
"195","J.D. McKissic","RB","WAS",6.1,1.25,0.149,4.9,7.46,-3.11,-2.73,-5.28,192,174,235,43,"16",NA,NA,76
"196","Nick Westbrook-Ikhine","WR","TEN",6.54,0.43,0.0225,5.04,7.17,-3.11,-3.42,-4.69,191,197,215,69,"15",NA,NA,14
"197","Chris Moore","WR","HOU",6.52,1.1,0.422,5.18,8.73,-3.13,-3.28,-3.14,193,188,177,70,"15",NA,NA,56
"198","Chase Edmonds","RB","MIA",5.95,0.815,0.374,4.33,6.73,-3.26,-3.3,-6.01,194,189,254,44,"17",NA,NA,41
"199","Mo Alie-Cox","TE","IND",3.99,1.23,0.081,2.65,5.43,-3.32,-3.51,-3.06,195,199,175,35,"15",NA,NA,73
"200","Ian Thomas","TE","CAR",3.91,0.534,0.0774,2.8,4.91,-3.4,-3.36,-3.58,196,196,186,36,"15",NA,NA,30
"201","Van Jefferson","WR","LAR",6.1,0.767,0.007,3.68,6.9,-3.55,-4.77,-4.96,199,249,228,71,"15",NA,NA,34
"202","Phillip Dorsett","WR","HOU",6.09,0.744,0.0337,4.36,7.68,-3.56,-4.1,-4.18,200,225,200,72,"15",NA,NA,31
"203","Mark Ingram","RB","NO",5.58,1.13,0.043,2.87,6.38,-3.64,-4.76,-6.36,204,248,272,45,"17",NA,NA,69
"204","Davis Mills","QB","HOU",14.5,0.756,0.0175,13.1,15.4,-3.67,-3.84,-5.01,205,211,229,21,"10",NA,NA,45
"205","Alexander Mattison","RB","MIN",5.53,1.09,0.231,3.96,6.53,-3.68,-3.66,-6.21,206,204,263,46,"17",NA,NA,66
"206","Aaron Rodgers","QB","GB",14.4,1.6,0.223,13.3,15.8,-3.69,-3.62,-4.64,207,202,214,22,"11",NA,NA,91
"207","Taylor Heinicke","QB","WAS",14.2,0.474,0.00388,13.6,15.2,-3.91,-3.33,-5.22,216,192,234,23,"11",NA,NA,27
"208","Caleb Huntley","RB","ATL",5.3,0.927,0.0625,2.88,6.57,-3.91,-4.75,-6.17,215,247,259,47,"17",NA,NA,56
"209","Kenny Pickett","QB","PIT",14.2,1.42,0.0078,12.1,17.8,-3.92,-4.79,-2.64,217,251,167,24,"11",NA,NA,85
"210","Jacoby Brissett","QB","CLE",14.2,0.346,0.232,12.3,14.7,-3.93,-4.59,-5.71,218,235,245,25,"11",NA,NA,18
"211","Samaje Perine","RB","CIN",5.24,0.682,0.01,3.35,6.05,-3.97,-4.28,-6.69,220,228,281,48,"17",NA,NA,31
"212","Jeffery Wilson","RB","SF",5.23,0.0104,0.23,4.28,6.84,-3.98,-3.35,-5.91,221,194,250,49,"17",NA,NA,3
"213","Zach Wilson","QB","NYJ",14,0.243,0.125,13.3,14.3,-4.16,-3.59,-6.11,226,201,257,26,"11",NA,NA,6
"214","Ezekiel Elliott","RB","DAL",5,2.97,0.204,1.6,9.67,-4.21,-6.03,-3.07,229,299,176,50,"17",NA,NA,99
"215","Jimmy Garoppolo","QB","SF",13.9,0.934,0.41,12.9,16.1,-4.28,-4.01,-4.3,231,219,205,27,"12",NA,NA,64
"216","Kenneth Gainwell","RB","PHI",4.8,0.704,0.0635,3.01,6.48,-4.42,-4.62,-6.27,236,238,268,51,"17",NA,NA,34
"217","Kenyan Drake","RB","BAL",4.73,0.898,0.268,3.87,6.1,-4.48,-3.76,-6.65,237,206,279,52,"18",NA,NA,51
"218","Mac Jones","QB","NE",13.4,0.771,0.915,10.6,15.6,-4.69,-6.29,-4.8,240,307,219,28,"13",NA,NA,52
"219","Jaylen Warren","RB","PIT",4.46,1.28,0.11,3.06,5.85,-4.75,-4.56,-6.9,242,234,287,53,"18",NA,NA,77
"220","Qadree Ollison","RB","FA",4.36,NA,0.076,4.36,4.36,-4.86,-3.27,-8.39,245,187,313,54,"18",NA,NA,NA
"221","Zack Moss","RB","BUF",4.28,0.317,0.0307,3.7,5.04,-4.93,-3.92,-7.7,248,217,303,55,"18",NA,NA,13
"222","Rico Dowdle","RB","DAL",4.25,0,0.0833,4.14,4.29,-4.97,-3.49,-8.45,250,198,314,56,"18",NA,NA,1
"223","Darrel Williams","RB","ARI",4.16,0.63,0.035,3,5.43,-5.05,-4.62,-7.31,251,240,292,57,"18",NA,NA,26
"224","Malcolm Brown","RB","LAR",4.13,0.875,0.237,1.33,5.11,-5.08,-6.3,-7.63,253,308,301,58,"18",NA,NA,49
"225","JaMycal Hasty","RB","JAC",3.89,1.02,0.0377,1.53,6.08,-5.32,-6.09,-6.67,262,300,280,59,"18",NA,NA,57
"226","DeeJay Dallas","RB","SEA",3.86,0.615,0.015,2.82,4.9,-5.36,-4.81,-7.85,265,252,308,60,"19",NA,NA,24
"227","Myles Gaskin","RB","MIA",3.84,0.905,0.251,2.75,6.36,-5.37,-4.88,-6.39,266,255,273,61,"19",NA,NA,54
"228","Malik Willis","QB","TEN",12.5,4.45,0.145,8.85,16.1,-5.61,-8.08,-4.26,277,338,204,29,"13",NA,NA,99
"229","James Cook","RB","BUF",3.59,0.667,0.0105,2.51,4.06,-5.62,-5.12,-8.68,278,262,317,62,"19",NA,NA,30
"230","Matt Breida","RB","NYG",3.58,0.181,0.0145,2.84,3.74,-5.63,-4.79,-9.01,279,250,328,63,"19",NA,NA,7
"231","Brandon Bolden","RB","LVR",3.57,0.418,0.015,2.9,5.02,-5.65,-4.73,-7.73,282,246,304,64,"19",NA,NA,17
"232","Craig Reynolds","RB","DET",3.55,1.41,0.0325,2.09,6.42,-5.66,-5.54,-6.32,283,279,271,65,"19",NA,NA,81
"233","Damien Williams","RB","ATL",3.52,0,0.348,2.39,6.45,-5.7,-5.24,-6.29,284,267,269,66,"19",NA,NA,1
"234","Phillip Walker","QB","CAR",12.4,0.526,5.01,11.1,14.7,-5.75,-5.86,-5.66,288,293,240,30,"14",NA,NA,30
"235","Snoop Conner","RB","JAC",3.17,0.878,0.107,2.11,4.27,-6.04,-5.51,-8.47,295,277,315,67,"19",NA,NA,50
"236","Keaontay Ingram","RB","ARI",3.06,2.22,0.0278,1.67,6.54,-6.15,-5.96,-6.2,298,296,261,68,"19",NA,NA,94
"237","Travis Homer","RB","SEA",3.04,0.541,0.203,2,3.82,-6.18,-5.63,-8.92,299,283,324,69,"20",NA,NA,20
"238","Justice Hill","RB","BAL",2.83,0.824,0.172,2.17,3.37,-6.38,-5.45,-9.37,305,273,332,70,"20",NA,NA,43
"239","Ty Johnson","RB","NYJ",2.66,0.259,0.154,1.99,3.95,-6.55,-5.64,-8.79,310,284,322,71,"20",NA,NA,11
"240","Boston Scott","RB","PHI",2.51,0.712,0.136,1.22,4.05,-6.71,-6.41,-8.69,314,310,319,72,"20",NA,NA,36
"241","Kellen Mond","QB","CLE",7.38,NA,2.83,7.38,7.38,-10.8,-9.55,-13,337,339,341,31,"15",NA,NA,NA
"242","Mike White","QB","NYJ",4.55,NA,2.38,4.55,4.55,-13.6,-12.4,-15.9,338,340,343,32,"16",NA,NA,NA
"243","Teddy Bridgewater","QB","MIA",2.17,0.0563,0.197,0.966,5.23,-16,-16,-15.2,339,343,342,33,"16",NA,NA,1
"244","Bailey Zappe","QB","NE",1.97,0.122,0.081,1.86,10.8,-16.2,-15.1,-9.65,340,341,333,34,"17",NA,NA,3
"245","Sam Darnold","QB","CAR",1.89,2.27,0.165,0.507,3.27,-16.3,-16.4,-17.1,341,349,344,35,"17",NA,NA,97
"246","Jameis Winston","QB","NO",1.72,0.634,0.448,1.26,10.7,-16.4,-15.7,-9.75,342,342,335,36,"17",NA,NA,33
