"","player","team","position","id","avg_type","pass_yds","pass_yds_sd","pass_tds","pass_tds_sd","pass_int","pass_int_sd","rush_yds","rush_yds_sd","rush_tds","rush_tds_sd","fumbles_lost","fumbles_lost_sd","two_pts","two_pts_sd","pass_300_yds","pass_300_yds_sd","return_tds","return_tds_sd","rush_100_yds","rush_100_yds_sd","rec","rec_sd","rec_yds","rec_yds_sd","rec_tds","rec_tds_sd","rec_100_yds","rec_100_yds_sd","dst_int","dst_int_sd","dst_sacks","dst_sacks_sd","dst_safety","dst_safety_sd","dst_td","dst_td_sd","dst_blk","dst_blk_sd","injury_status","injury_details","week","season_year"
"1","Tom Brady","TB","QB","2504211","robust",296,19.12554,2,0.0889560000000001,0.6175,0.133434,1.09625,0.7413,0.0525,0.044478,0.2125,0.0185325,0.03,0,0,0,0,NA,0,0,NA,NA,NA,NA,NA,NA,NA,NA,NA,NA,NA,NA,NA,NA,NA,NA,NA,NA,NA,NA,NA,NA
"2","Josh Allen","BUF","QB","2560955","robust",294.2,17.7912,2.2325,0.340998,0.7625,0.14826,40.8575,1.63086,0.4525,0.14826,0.16,0.029652,0.09,0,0,0,0,NA,0,0,NA,NA,NA,NA,NA,NA,NA,NA,NA,NA,NA,NA,NA,NA,NA,NA,NA,NA,NA,NA,NA,NA
"3","Patrick Mahomes","KC","QB","2558125","robust",279.6,32.02416,2.1275,0.192738,0.8,0,19.9775,3.232068,0.1,0,0.10875,0.0259455,0.13,0,0,0,0,NA,0,0,NA,NA,NA,NA,NA,NA,NA,NA,NA,NA,NA,NA,NA,NA,NA,NA,NA,NA,NA,NA,NA,NA
"4","Kyler Murray","ARI","QB","2562382","robust",265.6275,11.178804,1.81,0.14826,0.75,0.0889560000000001,30.825,3.884412,0.3,0.163086,0.1,0,0.13,0,0,0,0,NA,0,0,NA,NA,NA,NA,NA,NA,NA,NA,NA,NA,NA,NA,NA,NA,NA,NA,NA,NA,NA,NA,NA,NA
"5","Aaron Rodgers","GB","QB","2506363","robust",258.3,3.03933000000002,2.055,0,0.3,0.014826,5.175,2.164596,0.1,0,0.18125,0.0555975,0,NA,0,0,0,NA,0,0,NA,NA,NA,NA,NA,NA,NA,NA,NA,NA,NA,NA,NA,NA,NA,NA,NA,NA,NA,NA,NA,NA
"6","Justin Herbert","LAC","QB","2565045","robust",270.9025,8.30256000000003,1.9,0.0889559999999997,0.785,0.0889560000000001,12.3,2.07564,0.1,0,0.09,0.029652,0.22,0,0,0,0,NA,0,0,NA,NA,NA,NA,NA,NA,NA,NA,NA,NA,NA,NA,NA,NA,NA,NA,NA,NA,NA,NA,NA,NA
"7","Matthew Stafford","LAR","QB","79860","robust",264.6725,12.15732,1.9075,0.0593040000000001,0.94,0.207564,3.75,1.4826,0.075,0.014826,0.22,0.029652,0.13,0,0,0,0,NA,0,0,NA,NA,NA,NA,NA,NA,NA,NA,NA,NA,NA,NA,NA,NA,NA,NA,NA,NA,NA,NA,NA,NA
"8","Kirk Cousins","MIN","QB","2532820","robust",267.3675,5.57457599999999,1.675,0.118608,0.8,0.0593039999999999,5.8,1.92738,0.1,0,0.09375,0.0185325,0.16,0,0,0,0,NA,0,0,NA,NA,NA,NA,NA,NA,NA,NA,NA,NA,NA,NA,NA,NA,NA,NA,NA,NA,NA,NA,NA,NA
"9","Joe Burrow","CIN","QB","2563722","robust",264.97,0.7413,1.7,0.14826,0.94,0.118608,13.175,2.81694,0.16,0.014826,0.10625,0.0185325,0.13,0,0,0,0,NA,0,0,NA,NA,NA,NA,NA,NA,NA,NA,NA,NA,NA,NA,NA,NA,NA,NA,NA,NA,NA,NA,NA,NA
"10","Geno Smith","SEA","QB","2539335","robust",253.71,7.413,1.85,0.14826,0.575,0.29652,15.745,2.2239,0.15,0.088956,0.10875,0.0259455,0,NA,0,0,0,NA,0,0,NA,NA,NA,NA,NA,NA,NA,NA,NA,NA,NA,NA,NA,NA,NA,NA,NA,NA,NA,NA,NA,NA
"11","Jimmy Garoppolo","SF","QB","2543801","robust",244.6,14.826,1.6325,0.163086,0.795,0.014826,3.7125,1.4826,0.085,0,0.1825,0.051891,0.06,0,0,0,0,NA,0,0,NA,NA,NA,NA,NA,NA,NA,NA,NA,NA,NA,NA,NA,NA,NA,NA,NA,NA,NA,NA,NA,NA
"12","Kenny Pickett","PIT","QB","2568162","robust",234.955,7.29439199999998,1.095,0.281694,1.325,0.340998,11.425,3.662022,0.115,0.044478,0.1075,0.022239,0.08,0,0,0,0,NA,0,0,NA,NA,NA,NA,NA,NA,NA,NA,NA,NA,NA,NA,NA,NA,NA,NA,NA,NA,NA,NA,NA,NA
"13","Russell Wilson","DEN","QB","2532975","robust",243.5525,9.547944,1.4075,0.103782,0.7375,0.163086,18.2,0.889560000000002,0.1,0.029652,0.0875,0.0185325,0.03,0,0,0,0,NA,0,0,NA,NA,NA,NA,NA,NA,NA,NA,NA,NA,NA,NA,NA,NA,NA,NA,NA,NA,NA,NA,NA,NA
"14","Jalen Hurts","PHI","QB","2564832","robust",226.6775,21.64596,1.29,0.14826,0.805,0.177912,50.55,1.18608000000001,0.685,0.0444779999999999,0.11875,0.0259455,0.18,0,0,0,0,NA,0,0,NA,NA,NA,NA,NA,NA,NA,NA,NA,NA,NA,NA,NA,NA,NA,NA,NA,NA,NA,NA,NA,NA
"15","Trevor Lawrence","JAC","QB","2566163","robust",237.2,7.11648000000002,1.305,0.281694,0.915,0.044478,14.18,1.541904,0.1,0,0.14375,0.1297275,0.12,0,0,0,0,NA,0,0,NA,NA,NA,NA,NA,NA,NA,NA,NA,NA,NA,NA,NA,NA,NA,NA,NA,NA,NA,NA,NA,NA
"16","Carson Wentz","WAS","QB","2555259","robust",228.5675,20.400576,1.23,0.14826,0.8475,0.163086,14.04,0.7413,0.1,0.029652,0.19375,0.0185325,0.28,0,0,0,0,NA,0,0,NA,NA,NA,NA,NA,NA,NA,NA,NA,NA,NA,NA,NA,NA,NA,NA,NA,NA,NA,NA,NA,NA
"17","Matt Ryan","IND","QB","310","robust",242.08,8.33221200000001,1.2,0.14826,0.9,0.118608,5.25,0.177912,0.07,0.044478,0.3225,0.0333585,0.07,0,0,0,0,NA,0,0,NA,NA,NA,NA,NA,NA,NA,NA,NA,NA,NA,NA,NA,NA,NA,NA,NA,NA,NA,NA,NA,NA
"18","Zach Wilson","NYJ","QB","2566391","robust",217.0475,13.93644,1.12,0.207564,0.9,0,11.96,1.245384,0.15,0.07413,0.135,0.096369,0.12,0,0,0,0,NA,0,0,NA,NA,NA,NA,NA,NA,NA,NA,NA,NA,NA,NA,NA,NA,NA,NA,NA,NA,NA,NA,NA,NA
"19","Andy Dalton","NO","QB","2495143","robust",225.2,12.45384,1.17,0.459606,0.895,0.14826,8.3,0.59304,0.0925,0.014826,0.115,0.081543,0.16,0,0,0,0,NA,0,0,NA,NA,NA,NA,NA,NA,NA,NA,NA,NA,NA,NA,NA,NA,NA,NA,NA,NA,NA,NA,NA,NA
"20","Skylar Thompson","MIA","QB","2567895","robust",218.525,24.61116,1.14,0.14826,0.905,0.014826,8.2,3.11346,0.1,0.014826,0.1175,0.051891,0.09,0,0,0,0,NA,0,0,NA,NA,NA,NA,NA,NA,NA,NA,NA,NA,NA,NA,NA,NA,NA,NA,NA,NA,NA,NA,NA,NA
"21","Lamar Jackson","BAL","QB","2560757","robust",223.55,14.069874,1.6,0.281694,0.85,0.14826,63.995,3.7065,0.35,0.088956,0.11125,0.0333585,0.09,0,0,0,0,NA,0,0,NA,NA,NA,NA,NA,NA,NA,NA,NA,NA,NA,NA,NA,NA,NA,NA,NA,NA,NA,NA,NA,NA
"22","Bailey Zappe","NE","QB","2567961","robust",154.3,92.388219,0.8,0.252042,0.8,0.14826,3.8,3.7065,0,0,0.09375,0.00926625000000001,0.08,0,0,0,0,NA,0,0,NA,NA,NA,NA,NA,NA,NA,NA,NA,NA,NA,NA,NA,NA,NA,NA,NA,NA,NA,NA,NA,NA
"23","Mac Jones","NE","QB","2566334","robust",182.235,21.846111,1,0.22239,0.9,0.066717,10,2.750223,0.1,0,0.18875,0.01667925,0.04,0,0,0,0,NA,0,0,NA,NA,NA,NA,NA,NA,NA,NA,NA,NA,NA,NA,NA,NA,NA,NA,NA,NA,"Q","Ankle",6,2022
"24","Cooper Rush","DAL","QB","2559242","robust",218.5,8.39151599999999,1.1,0.14826,0.7975,0.163086,6.15,1.957032,0.045,0,0.1425,0.0630105,0.07,0,0,0,0,NA,0,0,NA,NA,NA,NA,NA,NA,NA,NA,NA,NA,NA,NA,NA,NA,NA,NA,NA,NA,NA,NA,NA,NA
"25","Jacoby Brissett","CLE","QB","2555261","robust",209.775,12.6021,1.115,0.281694,0.645,0.14826,16.3225,1.022994,0.14,0.118608,0.075,0.014826,0.06,0,0,0,0,NA,0,0,NA,NA,NA,NA,NA,NA,NA,NA,NA,NA,NA,NA,NA,NA,NA,NA,NA,NA,NA,NA,NA,NA
"26","Daniel Jones","NYG","QB","2562299","robust",214.71,8.00604000000001,1.05,0.0889559999999997,0.8,0.237216,35.2,3.395154,0.24,0.118608,0.245,0.066717,0.16,0,0,0,0,NA,0,0,NA,NA,NA,NA,NA,NA,NA,NA,NA,NA,NA,NA,NA,NA,NA,NA,NA,NA,NA,NA,NA,NA
"27","Phillip Walker","CAR","QB","2558904","robust",211.2475,7.413,0.9175,0.0593040000000001,1.0425,0.044478,7.01,4.15128,0,0,0.1075,0.022239,0.11,0,0,0,0,NA,0,0,NA,NA,NA,NA,NA,NA,NA,NA,NA,NA,NA,NA,NA,NA,NA,NA,NA,NA,NA,NA,NA,NA
"28","Marcus Mariota","ATL","QB","2552466","robust",197.1,19.42206,1.0525,0,0.65,0.14826,30.945,0.593039999999998,0.2,0,0.21625,0.0481845,0.09,0,0,0,0,NA,0,0,NA,NA,NA,NA,NA,NA,NA,NA,NA,NA,NA,NA,NA,NA,NA,NA,NA,NA,NA,NA,NA,NA
"29","Jameis Winston","NO","QB","2552033","robust",22.4,0.00741299999999852,0.1,0,0.2075,0.00741300000000001,3.5,3.4594,0.0075,0.007413,0.055,0.051891,0.03,0,0,0,0,NA,0,0,NA,NA,NA,NA,NA,NA,NA,NA,NA,NA,NA,NA,NA,NA,NA,NA,NA,NA,"Q","Back",6,2022
"30","Justin Fields","CHI","QB","2565920","robust",176.0325,7.11648000000002,0.965,0.103782,0.9,0.29652,38.5,6.6717,0.285,0.14826,0.22,0.029652,0.08,0,0,0,0,NA,0,0,NA,NA,NA,NA,NA,NA,NA,NA,NA,NA,NA,NA,NA,NA,NA,NA,NA,NA,NA,NA,NA,NA
"31","Teddy Bridgewater","MIA","QB","2543465","robust",64.2125,61.15725,0.4675,0.467019,0.245,0.22239,1.9875,1.26021,0,0,0.0025,0.002471,0.02,0,0,0,0,NA,0,0,NA,NA,NA,NA,NA,NA,NA,NA,NA,NA,NA,NA,NA,NA,NA,NA,NA,NA,NA,NA,NA,NA
"32","Taylor Heinicke","WAS","QB","2553656","robust",13.06,4.032672,0.1,0,0.035,0,0.85,0.7413,0,0,0.0333333333333333,0.04942,0.03,0,0,0,0,NA,0,0,NA,NA,NA,NA,NA,NA,NA,NA,NA,NA,NA,NA,NA,NA,NA,NA,NA,NA,NA,NA,NA,NA
"33","Tyler Huntley","BAL","QB","2563560","robust",9.14,0.533736,0.1,0,0,0,1.35,0.919212,0,0,0.0075,0.007413,0.03,0,0,0,0,NA,0,0,NA,NA,NA,NA,NA,NA,NA,NA,NA,NA,NA,NA,NA,NA,NA,NA,NA,NA,NA,NA,NA,NA
"34","Joe Flacco","NYJ","QB","382","robust",14.9,0,0.15,0,0.025,0,0.775,0,0,0,0.075,0,0,NA,0,0,0,NA,0,0,NA,NA,NA,NA,NA,NA,NA,NA,NA,NA,NA,NA,NA,NA,NA,NA,NA,NA,NA,NA,NA,NA
"35","Mitchell Trubisky","PIT","QB","2558008","robust",19.85,18.01359,0.05,0.07413,0.15,0.07413,1.4,0.88956,0,0,0,0,NA,NA,0,0,NA,NA,0,0,NA,NA,NA,NA,NA,NA,NA,NA,NA,NA,NA,NA,NA,NA,NA,NA,NA,NA,NA,NA,NA,NA
"36","Nick Chubb","CLE","RB","2561021","robust",NA,NA,NA,NA,NA,NA,97.1,3.26172,0.7525,0.103782,0.0895,0.0207564,0,NA,NA,NA,0,NA,0,0,1.33,0.44478,11.76,1.067472,0.03,0,0,0,NA,NA,NA,NA,NA,NA,NA,NA,NA,NA,NA,NA,NA,NA
"37","Dalvin Cook","MIN","RB","2557991","robust",NA,NA,NA,NA,NA,NA,75.8575,6.81995999999999,0.65,0.14826,0.146,0.0681996,0.13,0,NA,NA,0,NA,0.1,0,2.3425,0.14826,17.66,1.245384,0.05,0.088956,0,0,NA,NA,NA,NA,NA,NA,NA,NA,NA,NA,NA,NA,NA,NA
"38","Saquon Barkley","NYG","RB","2560968","robust",NA,NA,NA,NA,NA,NA,85.2825,2.66868,0.5875,0.14826,0.091,0.0177912,0,NA,NA,NA,0,NA,0,0,4.2,0.593039999999999,32.93,3.172764,0.1,0,0,0,NA,NA,NA,NA,NA,NA,NA,NA,NA,NA,NA,NA,NA,NA
"39","Miles Sanders","PHI","RB","2562722","robust",NA,NA,NA,NA,NA,NA,73.25,5.70800999999999,0.4,0.059304,0.111,0.014826,0.09,0,NA,NA,0,NA,0,0,1.9,0.14826,12.2425,2.59455,0,0,0,0,NA,NA,NA,NA,NA,NA,NA,NA,NA,NA,NA,NA,NA,NA
"40","Rhamondre Stevenson","NE","RB","2566343","robust",NA,NA,NA,NA,NA,NA,82.945,7.576086,0.56,0.0889559999999999,0.1,0,0.01,0,NA,NA,0,NA,0,0,2.8225,0.22239,20.89,2.698332,0.05,0.044478,0,0,NA,NA,NA,NA,NA,NA,NA,NA,NA,NA,NA,NA,NA,NA
"41","Jeffery Wilson","SF","RB","2560938","robust",NA,NA,NA,NA,NA,NA,68.55,4.29954000000001,0.46,0,0.125,0,0.01,0,NA,NA,0,NA,0,0,1.575,0.0741300000000001,12.25,0.889559999999999,0.085,0,0,0,NA,NA,NA,NA,NA,NA,NA,NA,NA,NA,NA,NA,NA,NA
"42","Kenneth Walker III","SEA","RB","2568282","robust",NA,NA,NA,NA,NA,NA,69.9475,3.63236999999998,0.6,0.0741299999999999,0.097,0.0059304,0.01,0,NA,NA,0,NA,0,0,2.095,0.29652,15.7125,3.33585,0.0925,0,0,0,NA,NA,NA,NA,NA,NA,NA,NA,NA,NA,NA,NA,NA,NA
"43","Raheem Mostert","MIA","RB","2553728","robust",NA,NA,NA,NA,NA,NA,66.2675,2.66868,0.53,0.14826,0.097,0.0059304,0.01,0,NA,NA,0,NA,0,0,1.595,0.429954,12.205,5.144622,0.035,0,0,0,NA,NA,NA,NA,NA,NA,NA,NA,NA,NA,"Q","Knee",6,2022
"44","Deon Jackson","IND","RB","2565603","robust",NA,NA,NA,NA,NA,NA,44.9,11.534628,0.3,0.0593040000000001,0.07,0.0474432,0.01,0,NA,NA,0,NA,0,0,2.3,1.03782,17.4,3.85476,0.05,0.103782,0,0,NA,NA,NA,NA,NA,NA,NA,NA,NA,NA,NA,NA,NA,NA
"45","Alvin Kamara","NO","RB","2558019","robust",NA,NA,NA,NA,NA,NA,69.5,5.42631599999999,0.4575,0.14826,0.1205,0.0385476,0,NA,NA,NA,0,NA,0.1,0,4.035,0.163086,35.7,2.920722,0.2,0,0,0,NA,NA,NA,NA,NA,NA,NA,NA,NA,NA,NA,NA,NA,NA
"46","Breece Hall","NYJ","RB","2568030","robust",NA,NA,NA,NA,NA,NA,62.365,7.85778,0.45,0.088956,0.104,0.0118608,0,NA,NA,NA,0,NA,0.1,0,3.1,0.0148259999999997,28.8725,2.727984,0.1,0,0,0,NA,NA,NA,NA,NA,NA,NA,NA,NA,NA,NA,NA,NA,NA
"47","Aaron Jones","GB","RB","2558116","robust",NA,NA,NA,NA,NA,NA,68.65,3.85475999999999,0.4675,0.059304,0.104,0.0118608,0,NA,NA,NA,0,NA,0.1,0,3.3,0.133434,26.1,2.505594,0.2,0.014826,0,0,NA,NA,NA,NA,NA,NA,NA,NA,NA,NA,NA,NA,NA,NA
"48","Christian McCaffrey","CAR","RB","2557997","robust",NA,NA,NA,NA,NA,NA,66.29,3.7065,0.5,0.14826,0.1,0,0.03,0,NA,NA,0,NA,0.1,0,5.25,0.518910000000001,41.2075,2.164596,0.2,0,0,0,NA,NA,NA,NA,NA,NA,NA,NA,NA,NA,NA,NA,NA,NA
"49","Joe Mixon","CIN","RB","2557976","robust",NA,NA,NA,NA,NA,NA,68.725,4.34401799999999,0.5,0,0.0925,0.014826,0,NA,NA,NA,0,NA,0,0,3.18,0.0593040000000001,22.5,0.889560000000002,0.1,0,0,0,NA,NA,NA,NA,NA,NA,NA,NA,NA,NA,NA,NA,NA,NA
"50","Leonard Fournette","TB","RB","2557973","robust",NA,NA,NA,NA,NA,NA,64.46,9.6369,0.55,0.103782,0.1,0,0,NA,NA,NA,0,NA,0.1,0,4.145,0.44478,31.8,4.4478,0.155,0.118608,0,0,NA,NA,NA,NA,NA,NA,NA,NA,NA,NA,NA,NA,NA,NA
"51","David Montgomery","CHI","RB","2562502","robust",NA,NA,NA,NA,NA,NA,60.69,0.7413,0.4225,0.044478,0.103,0.00889560000000001,0.03,0,NA,NA,0,NA,0.1,0,2.55,0.607866,22.63,3.973368,0.1,0.059304,0,0,NA,NA,NA,NA,NA,NA,NA,NA,NA,NA,NA,NA,NA,NA
"52","Eno Benjamin","ARI","RB","2564889","robust",NA,NA,NA,NA,NA,NA,65.1,4.00302,0.41,0.0296519999999999,0.091,0.0177912,0.01,0,NA,NA,0,NA,0.1,0,2.9,0.0148260000000003,23.75,1.85325,0.1,0.029652,0,0,NA,NA,NA,NA,NA,NA,NA,NA,NA,NA,NA,NA,NA,NA
"53","Darrell Henderson","LAR","RB","2562574","robust",NA,NA,NA,NA,NA,NA,53.25,2.564898,0.34,0.118608,0.1125,0.037065,0,NA,NA,NA,0,NA,0,0,2.7075,0.845082,19.875,5.648706,0.115,0.044478,0,0,NA,NA,NA,NA,NA,NA,NA,NA,NA,NA,NA,NA,NA,NA
"54","Ezekiel Elliott","DAL","RB","2555224","robust",NA,NA,NA,NA,NA,NA,63.565,3.11346,0.3725,0.059304,0.094,0.0118608,0.09,0,NA,NA,0,NA,0,0,1.515,0.207564,8.825,0.444780000000001,0.05,0.07413,0,0,NA,NA,NA,NA,NA,NA,NA,NA,NA,NA,NA,NA,NA,NA
"55","Austin Ekeler","LAC","RB","2559169","robust",NA,NA,NA,NA,NA,NA,60.675,2.37215999999999,0.5375,0.07413,0.1125,0.037065,0.03,0,NA,NA,0,NA,0.1,0,5.035,0.148260000000001,40.3725,1.823598,0.2575,0.103782,0,0,NA,NA,NA,NA,NA,NA,NA,NA,NA,NA,NA,NA,NA,NA
"56","Najee Harris","PIT","RB","2566448","robust",NA,NA,NA,NA,NA,NA,58.065,7.413,0.3,0,0.1125,0.037065,0,NA,NA,NA,0,NA,0,0,2.8125,0.0741300000000004,16.8,0.7413,0.1,0,0,0,NA,NA,NA,NA,NA,NA,NA,NA,NA,NA,NA,NA,NA,NA
"57","Melvin Gordon","DEN","RB","2552469","robust",NA,NA,NA,NA,NA,NA,61.515,1.734642,0.46,0.118608,0.203,0.0059304,0,NA,NA,NA,0,NA,0,0,2.76,0.118607999999999,19.4,2.07564,0.1,0,0,0,NA,NA,NA,NA,NA,NA,NA,NA,NA,NA,"Q","Neck",6,2022
"58","James Robinson","JAC","RB","2564223","robust",NA,NA,NA,NA,NA,NA,55.2425,7.26474,0.5,0.088956,0.096,0,0.03,0,NA,NA,0,NA,0,0,1.75,0.400302,12.3875,1.823598,0.05,0.07413,0,0,NA,NA,NA,NA,NA,NA,NA,NA,NA,NA,NA,NA,NA,NA
"59","Brian Robinson","WAS","RB","2568348","robust",NA,NA,NA,NA,NA,NA,51.2,4.15128,0.26,0.118608,0.08,0.0415128,0.01,0,NA,NA,0,NA,0.1,0,0.985,0.563388,7.66,3.647196,0.025,0,0,0,NA,NA,NA,NA,NA,NA,NA,NA,NA,NA,NA,NA,NA,NA
"60","AJ Dillon","GB","RB","2563986","robust",NA,NA,NA,NA,NA,NA,52.5225,6.360354,0.33,0.088956,0.07,0.0474432,0,NA,NA,NA,0,NA,0,0,1.8,0,15.725,1.03782,0.1,0,0,0,NA,NA,NA,NA,NA,NA,NA,NA,NA,NA,NA,NA,NA,NA
"61","Tyler Allgeier","ATL","RB","2567232","robust",NA,NA,NA,NA,NA,NA,50.7,1.4826,0.295,0.029652,0.075,0.044478,0.01,0,NA,NA,0,NA,0,0,1.3325,0.133434,10,2.81694,0.0225,0,0,0,NA,NA,NA,NA,NA,NA,NA,NA,NA,NA,NA,NA,NA,NA
"62","J.K. Dobbins","BAL","RB","2563548","robust",NA,NA,NA,NA,NA,NA,53.355,4.536756,0.4925,0.14826,0.0875,0.037065,0.01,0,NA,NA,0,NA,0,0,1.86,0.252042,14.94,0.934038000000001,0.1,0,0,0,NA,NA,NA,NA,NA,NA,NA,NA,NA,NA,NA,NA,NA,NA
"63","Tony Pollard","DAL","RB","2562699","robust",NA,NA,NA,NA,NA,NA,42.33,9.34038,0.3,0.14826,0.0875,0.037065,0,NA,NA,NA,0,NA,0,0,2.2,0.429954,18.0525,0.607866,0.05,0.059304,0,0,NA,NA,NA,NA,NA,NA,NA,NA,NA,NA,NA,NA,NA,NA
"64","Clyde Edwards-Helaire","KC","RB","2564271","robust",NA,NA,NA,NA,NA,NA,46.325,5.04084,0.3,0.044478,0.097,0,0,NA,NA,NA,0,NA,0,0,2.4825,0.14826,19.4,1.304688,0.175,0.07413,0,0,NA,NA,NA,NA,NA,NA,NA,NA,NA,NA,NA,NA,NA,NA
"65","Damien Harris","NE","RB","2562281","robust",NA,NA,NA,NA,NA,NA,30.6,0,0.3,0,0.1,0,0,NA,NA,NA,0,NA,0,0,0.9,0,4.8,0,0,0,0,0,NA,NA,NA,NA,NA,NA,NA,NA,NA,NA,"Q","Hamstring",6,2022
"66","Mike Boone","DEN","RB","2561099","robust",NA,NA,NA,NA,NA,NA,33.42,3.498936,0.1475,0.07413,0.091,0,0,NA,NA,NA,0,NA,0,0,1.8125,0.7413,13.77,4.29954,0.0575,0.014826,0,0,NA,NA,NA,NA,NA,NA,NA,NA,NA,NA,NA,NA,NA,NA
"67","Kareem Hunt","CLE","RB","2557917","robust",NA,NA,NA,NA,NA,NA,43.25,7.413,0.3,0.014826,0.0875,0.037065,0.03,0,NA,NA,0,NA,0,0,2.37,0.44478,19.1925,0.444780000000001,0.1,0.014826,0,0,NA,NA,NA,NA,NA,NA,NA,NA,NA,NA,NA,NA,NA,NA
"68","Khalil Herbert","CHI","RB","2565926","robust",NA,NA,NA,NA,NA,NA,31.7975,4.07715,0.225,0.088956,0.011,0.014826,0,NA,NA,NA,0,NA,0,0,1,0,7.9,0.266868,0,0,0,0,NA,NA,NA,NA,NA,NA,NA,NA,NA,NA,NA,NA,NA,NA
"69","Travis Etienne","JAC","RB","2566157","robust",NA,NA,NA,NA,NA,NA,39.0125,2.66868,0.2,0.029652,0.07,0.0474432,0,NA,NA,NA,0,NA,0,0,2.685,0.7413,22.87,4.922232,0.1,0,0,0,NA,NA,NA,NA,NA,NA,NA,NA,NA,NA,NA,NA,NA,NA
"70","Devin Singletary","BUF","RB","2562734","robust",NA,NA,NA,NA,NA,NA,44.3,0.889560000000002,0.21,0.029652,0.093,0,0,NA,NA,NA,0,NA,0.1,0,3.2875,0.14826,25.4,4.00302,0.2075,0.059304,0,0,NA,NA,NA,NA,NA,NA,NA,NA,NA,NA,NA,NA,NA,NA
"71","Michael Carter","NYJ","RB","2566382","robust",NA,NA,NA,NA,NA,NA,36.63,2.579724,0.22,0.059304,0.0875,0.037065,0.01,0,NA,NA,0,NA,0,0,2,0.14826,14.925,2.81694,0.04,0,0,0,NA,NA,NA,NA,NA,NA,NA,NA,NA,NA,NA,NA,NA,NA
"72","Cam Akers","LAR","RB","2564319","robust",NA,NA,NA,NA,NA,NA,44,0,0.4,0,0.1,0,NA,NA,NA,NA,NA,NA,0,0,1,0,8.6,0,0.1,0,0,0,NA,NA,NA,NA,NA,NA,NA,NA,NA,NA,"O","Personal",6,2022
"73","Antonio Gibson","WAS","RB","2565276","robust",NA,NA,NA,NA,NA,NA,29.4,11.816322,0.205,0.163086,0.097,0,0.03,0,NA,NA,0,NA,0,0,2.005,0.59304,16.5675,7.590912,0.04,0,0,0,NA,NA,NA,NA,NA,NA,NA,NA,NA,NA,NA,NA,NA,NA
"74","Phillip Lindsay","IND","RB","2559947","robust",NA,NA,NA,NA,NA,NA,34.815,1.527078,0.13,0.088956,0.066,0.0504084,0,NA,NA,NA,0,NA,0,0,1.625,0.29652,10.7,2.07564,0.0575,0,0,0,NA,NA,NA,NA,NA,NA,NA,NA,NA,NA,NA,NA,NA,NA
"75","Alexander Mattison","MIN","RB","2562682","robust",NA,NA,NA,NA,NA,NA,25.0525,5.9304,0.135,0.103782,0.064,0.0533736,0,NA,NA,NA,0,NA,0,0,1.905,0.281694,15.165,2.66868,0.08,0,0,0,NA,NA,NA,NA,NA,NA,NA,NA,NA,NA,"Q","Shoulder",6,2022
"76","Malcolm Brown","LAR","RB","2552382","robust",NA,NA,NA,NA,NA,NA,21,4.07715,0.19,0.111195,0.1,0,0,NA,NA,NA,0,NA,0,0,0.6,0.177912,4.6,1.215732,0.01,0,0,0,NA,NA,NA,NA,NA,NA,NA,NA,NA,NA,NA,NA,NA,NA
"77","Caleb Huntley","ATL","RB","2566692","robust",NA,NA,NA,NA,NA,NA,25.1125,8.45082,0.1,0.07413,0.012,0.029652,0,NA,NA,NA,0,NA,0,0,0.7,0.29652,5.425,2.81694,0,0,0,0,NA,NA,NA,NA,NA,NA,NA,NA,NA,NA,NA,NA,NA,NA
"78","Rachaad White","TB","RB","2568315","robust",NA,NA,NA,NA,NA,NA,23.5,4.59606,0.215,0.07413,0.088,0.0237216,0,NA,NA,NA,0,NA,0,0,1.85,0.44478,16.6175,3.85476,0.0625,0.044478,0,0,NA,NA,NA,NA,NA,NA,NA,NA,NA,NA,NA,NA,NA,NA
"79","Latavius Murray","DEN","RB","2541161","robust",NA,NA,NA,NA,NA,NA,18.2,6.056421,0.2,0.07413,0,0,0,NA,NA,NA,0,NA,0,0,0.5,0.00741300000000001,3.6,0.326172,0.015,0,0,0,NA,NA,NA,NA,NA,NA,NA,NA,NA,NA,NA,NA,NA,NA
"80","Zack Moss","BUF","RB","2563617","robust",NA,NA,NA,NA,NA,NA,15.8675,1.675338,0.1,0.014826,0.044,0.0652344,0,NA,NA,NA,0,NA,0,0,0.7,0.207564,4.4675,1.882902,0,0,0,0,NA,NA,NA,NA,NA,NA,NA,NA,NA,NA,NA,NA,NA,NA
"81","Mark Ingram","NO","RB","2495466","robust",NA,NA,NA,NA,NA,NA,25.35,2.81694,0.11,0.029652,0.124,0.0415128,0.06,0,NA,NA,0,NA,0,0,1.1,0.563388,5.975,0.29652,0,0,0,0,NA,NA,NA,NA,NA,NA,NA,NA,NA,NA,NA,NA,NA,NA
"82","Joshua Kelley","LAC","RB","2565054","robust",NA,NA,NA,NA,NA,NA,23.31,4.74432,0.12,0.059304,0.09,0,0,NA,NA,NA,0,NA,0,0,1.1,0.29652,8.8,1.77912,0,0,0,0,NA,NA,NA,NA,NA,NA,NA,NA,NA,NA,NA,NA,NA,NA
"83","Isiah Pacheco","KC","RB","2567808","robust",NA,NA,NA,NA,NA,NA,17.65,1.03782,0.1,0,0.012,0.029652,0,NA,NA,NA,0,NA,0,0,0.2,0.192738,1.5825,1.18608,0,0,0,0,NA,NA,NA,NA,NA,NA,NA,NA,NA,NA,NA,NA,NA,NA
"84","Tyrion Davis-Price","SF","RB","2568207","robust",NA,NA,NA,NA,NA,NA,21.4,2.023749,0.165,0,0.065,0.0252042,0,NA,NA,NA,0,NA,0,0,0.6,0.103782,5.46,0.696822,0.005,0,0,0,NA,NA,NA,NA,NA,NA,NA,NA,NA,NA,NA,NA,NA,NA
"85","Jaylen Warren","PIT","RB","2568493","robust",NA,NA,NA,NA,NA,NA,19.05,3.11346,0.1,0,0.011,0.014826,0,NA,NA,NA,0,NA,0,0,1.08,0.192738,8.8275,3.098634,0,0,0,0,NA,NA,NA,NA,NA,NA,NA,NA,NA,NA,NA,NA,NA,NA
"86","Chase Edmonds","MIA","RB","2560711","robust",NA,NA,NA,NA,NA,NA,24.3475,1.77912,0.1,0,0.0125,0.037065,0,NA,NA,NA,0,NA,0,0,1.705,0.118608,12.7525,0.489258,0.08,0.059304,0,0,NA,NA,NA,NA,NA,NA,NA,NA,NA,NA,NA,NA,NA,NA
"87","Damien Williams","ATL","RB","2550512","robust",NA,NA,NA,NA,NA,NA,27.515,2.246139,0.28,0.029652,0,0,NA,NA,NA,NA,NA,NA,0,0,0.555,0.214977,3.925,1.593795,0.01,0.014826,0,0,NA,NA,NA,NA,NA,NA,NA,NA,NA,NA,"IR","Ribs",6,2022
"88","Jerick McKinnon","KC","RB","2543715","robust",NA,NA,NA,NA,NA,NA,21.77,6.81996,0.1,0,0.0875,0.037065,0.04,0,NA,NA,0,NA,0,0,1.9,0,15.4,0.667169999999999,0.1,0,0,0,NA,NA,NA,NA,NA,NA,NA,NA,NA,NA,NA,NA,NA,NA
"89","Tevin Coleman","SF","RB","2552453","robust",NA,NA,NA,NA,NA,NA,18.35,0.96369,0.07,0.051891,0.0333333333333333,0.02471,0,NA,NA,NA,0,NA,0,0,0.925,0.14826,8.16,0.800604,0.005,0,0,0,NA,NA,NA,NA,NA,NA,NA,NA,NA,NA,NA,NA,NA,NA
"90","Samaje Perine","CIN","RB","2558138","robust",NA,NA,NA,NA,NA,NA,14.6775,2.89107,0.07,0.044478,0.0125,0.037065,0,NA,NA,NA,0,NA,0,0,1.4,0.0593040000000001,10,3.365502,0.0925,0,0,0,NA,NA,NA,NA,NA,NA,NA,NA,NA,NA,NA,NA,NA,NA
"91","DeeJay Dallas","SEA","RB","2565144","robust",NA,NA,NA,NA,NA,NA,13.325,3.40998,0.1,0.059304,0.0125,0.037065,0,NA,NA,NA,0,NA,0,0,1.6325,0.340998,11.5,3.276546,0,0,0,0,NA,NA,NA,NA,NA,NA,NA,NA,NA,NA,NA,NA,NA,NA
"92","Kenneth Gainwell","PHI","RB","2566397","robust",NA,NA,NA,NA,NA,NA,17.5,1.4826,0.1925,0.133434,0.046,0.0681996,0.04,0,NA,NA,0,NA,0,0,1.16,0.14826,9.09,0.563388000000001,0.0525,0.059304,0,0,NA,NA,NA,NA,NA,NA,NA,NA,NA,NA,NA,NA,NA,NA
"93","Keaontay Ingram","ARI","RB","2568108","robust",NA,NA,NA,NA,NA,NA,17.92,5.04084,0.1,0.044478,0.002,0,0,NA,NA,NA,0,NA,0,0,0.825,0.340998,6.105,3.48411,0,0,0,0,NA,NA,NA,NA,NA,NA,NA,NA,NA,NA,NA,NA,NA,NA
"94","Justice Hill","BAL","RB","2562407","robust",NA,NA,NA,NA,NA,NA,14.83,0.0296519999999994,0.1,0,0,0,0,NA,NA,NA,0,NA,0,0,0.6,0,5,0,0.0625,0.037065,0,0,NA,NA,NA,NA,NA,NA,NA,NA,NA,NA,"D","Hamstring",6,2022
"95","Myles Gaskin","MIA","RB","2562270","robust",NA,NA,NA,NA,NA,NA,16.2,1.868076,0.1,0,0.005,0,0,NA,NA,NA,0,NA,0,0,1.4,0.118608,7.8,2.609376,0.055,0,0,0,NA,NA,NA,NA,NA,NA,NA,NA,NA,NA,NA,NA,NA,NA
"96","Kevin Harris","FA","RB","2567934","robust",NA,NA,NA,NA,NA,NA,18.6175,0,0.1875,0,0.005,0,0,NA,NA,NA,0,NA,0,0,0.515,0,4.1825,0,0.005,0,0,0,NA,NA,NA,NA,NA,NA,NA,NA,NA,NA,NA,NA,NA,NA
"97","J.D. McKissic","WAS","RB","2556440","robust",NA,NA,NA,NA,NA,NA,13.4,4.74432,0.0275,0,0.0125,0.037065,0,NA,NA,NA,0,NA,0.1,0,3.25,0.252042,25.1975,2.416638,0.1,0,0,0,NA,NA,NA,NA,NA,NA,NA,NA,NA,NA,NA,NA,NA,NA
"98","Sony Michel","LAC","RB","2560809","robust",NA,NA,NA,NA,NA,NA,15,5.226165,0.065,0.029652,0.00125,0.00185325,0,NA,NA,NA,0,NA,0,0,0.54,0.37065,4.145,3.03933,0.005,0,0,0,NA,NA,NA,NA,NA,NA,NA,NA,NA,NA,NA,NA,NA,NA
"99","Kenyan Drake","BAL","RB","2555230","robust",NA,NA,NA,NA,NA,NA,16.8125,1.55673,0.0775,0,0.011,0.014826,0.03,0,NA,NA,0,NA,0,0,0.95,0.14826,7.85,1.63086,0,0,0,0,NA,NA,NA,NA,NA,NA,NA,NA,NA,NA,NA,NA,NA,NA
"100","James Cook","BUF","RB","2567328","robust",NA,NA,NA,NA,NA,NA,14.5,4.610886,0.1,0,0.05,0.07413,0,NA,NA,NA,0,NA,0,0,0.7,0,5.8,0.7413,0,0,0,0,NA,NA,NA,NA,NA,NA,NA,NA,NA,NA,NA,NA,NA,NA
"101","Boston Scott","PHI","RB","2561146","robust",NA,NA,NA,NA,NA,NA,12.5,2.757636,0.1,0.014826,0.002,0,0,NA,NA,NA,0,NA,0,0,0.3,0.192738,1.765,0.704235,0.005,0,0,0,NA,NA,NA,NA,NA,NA,NA,NA,NA,NA,NA,NA,NA,NA
"102","Matt Breida","NYG","RB","2558918","robust",NA,NA,NA,NA,NA,NA,12.9775,3.26172,0.03,0,0.025,0.044478,0,NA,NA,NA,0,NA,0,0,0.66,0.14826,5.725,0.444780000000001,0,0,0,0,NA,NA,NA,NA,NA,NA,NA,NA,NA,NA,NA,NA,NA,NA
"103","Chuba Hubbard","CAR","RB","2565899","robust",NA,NA,NA,NA,NA,NA,7.29,0.81543,0.03,0.029652,0.00125,0,0,NA,NA,NA,0,NA,0,0,0.405,0.103782,2.935,0.934038,0.005,0,0,0,NA,NA,NA,NA,NA,NA,NA,NA,NA,NA,NA,NA,NA,NA
"104","Corey Clement","FA","RB","2559150","robust",NA,NA,NA,NA,NA,NA,10.95,4.89258,0.1,0,0,0,0,NA,NA,NA,0,NA,0,0,0.42,0.237216,2.89,1.141602,0,0,0,0,NA,NA,NA,NA,NA,NA,NA,NA,NA,NA,NA,NA,NA,NA
"105","D'Ernest Johnson","CLE","RB","2563327","robust",NA,NA,NA,NA,NA,NA,11.4,2.579724,0.1,0,0,0,0,NA,NA,NA,0,NA,0,0,0.365,0,3.05,1.33434,0,0,0,0,NA,NA,NA,NA,NA,NA,NA,NA,NA,NA,NA,NA,NA,NA
"106","Trey Sermon","PHI","RB","2566544","robust",NA,NA,NA,NA,NA,NA,10.05,1.4826,0.055,0,0,0,0,NA,NA,NA,0,NA,0,0,0.165,0.044478,1.4,0.355824,0,0,0,0,NA,NA,NA,NA,NA,NA,NA,NA,NA,NA,NA,NA,NA,NA
"107","Ty Montgomery","NE","RB","2552429","robust",NA,NA,NA,NA,NA,NA,9.625,6.30105,0,0,0.05,0.07413,0,NA,NA,NA,0,NA,0,0,1.1,0,6.9,0.0741299999999997,0.1,0,0,0,NA,NA,NA,NA,NA,NA,NA,NA,NA,NA,"IR","Knee",6,2022
"108","DOnta Foreman","CAR","RB","2557994","robust",NA,NA,NA,NA,NA,NA,9.97,1.949619,0.035,0.037065,0.0025,0.0037065,0,NA,NA,NA,0,NA,0,0,0.115,0,0.39,0.29652,0,0,0,0,NA,NA,NA,NA,NA,NA,NA,NA,NA,NA,NA,NA,NA,NA
"109","Kyren Williams","LAR","RB","2567862","robust",NA,NA,NA,NA,NA,NA,9.85,6.15279,0.05,0.07413,0,0,NA,NA,NA,NA,NA,NA,0,0,0.4,0.14826,2.7,0.44478,0,0,0,0,NA,NA,NA,NA,NA,NA,NA,NA,NA,NA,"IR","Ankle",6,2022
"110","Mike Davis","BAL","RB","2553439","robust",NA,NA,NA,NA,NA,NA,10.6,1.452948,0.08,0,0.002,0,0.03,0,NA,NA,0,NA,0,0,0.625,0.333585,3.995,1.653099,0.005,0,0,0,NA,NA,NA,NA,NA,NA,NA,NA,NA,NA,NA,NA,NA,NA
"111","D'vonte Price","FA","RB","2568921","robust",NA,NA,NA,NA,NA,NA,12.9975,0,0.0975,0,0.005,0,0,NA,NA,NA,0,NA,0,0,0.5975,0,4.71,0,0.005,0,0,0,NA,NA,NA,NA,NA,NA,NA,NA,NA,NA,NA,NA,NA,NA
"112","Ty Johnson","NYJ","RB","2562293","robust",NA,NA,NA,NA,NA,NA,3.8225,1.208319,0.0225,0.022239,0,0,0,NA,NA,NA,0,NA,0,0,0.5025,0.200151,4.3775,1.460361,0,0,0,0,NA,NA,NA,NA,NA,NA,NA,NA,NA,NA,NA,NA,NA,NA
"113","Ke'Shawn Vaughn","TB","RB","2565258","robust",NA,NA,NA,NA,NA,NA,7.3,0.889559999999999,0.1,0,0,0,0,NA,NA,NA,0,NA,0,0,0.18,0,0.985,0.29652,0,0,0,0,NA,NA,NA,NA,NA,NA,NA,NA,NA,NA,NA,NA,NA,NA
"114","Salvon Ahmed","MIA","RB","2565090","robust",NA,NA,NA,NA,NA,NA,9.275,0,0,0,0,0,0,NA,NA,NA,0,NA,0,0,0.25,0,2.325,0,0,0,0,0,NA,NA,NA,NA,NA,NA,NA,NA,NA,NA,NA,NA,NA,NA
"115","Ronald Jones","KC","RB","2560770","robust",NA,NA,NA,NA,NA,NA,9.35,0,0.025,0,0,0,0,NA,NA,NA,0,NA,0,0,0.05,0,0.4,0,0,0,0,0,NA,NA,NA,NA,NA,NA,NA,NA,NA,NA,NA,NA,NA,NA
"116","Cooper Kupp","LAR","WR","2557898","robust",NA,NA,NA,NA,NA,NA,3.5075,0.88956,0.0544084075764161,0.0479863797088222,0.1,0,0,NA,NA,NA,0.01,0,0,0,8.1525,0.281694000000001,101.2675,4.22540999999999,0.8575,0.103782,0,0,NA,NA,NA,NA,NA,NA,NA,NA,NA,NA,"Q","Foot",6,2022
"117","Justin Jefferson","MIN","WR","2564556","robust",NA,NA,NA,NA,NA,NA,1.21166666666667,0.29652,0.0462508736209785,0.029652,0.0875,0.037065,0,NA,NA,NA,0,NA,0,0,6.6175,0.103782,95.9,4.4478,0.6775,0.163086,0,0,NA,NA,NA,NA,NA,NA,NA,NA,NA,NA,NA,NA,NA,NA
"118","Stefon Diggs","BUF","WR","2552608","robust",NA,NA,NA,NA,NA,NA,0,0,0,0,0.0875,0.037065,0,NA,NA,NA,0,NA,0,0,7.6,0.504084,94.0625,4.00302,0.7775,0.133434,0,0,NA,NA,NA,NA,NA,NA,NA,NA,NA,NA,NA,NA,NA,NA
"119","Ja'Marr Chase","CIN","WR","2565941","robust",NA,NA,NA,NA,NA,NA,2.925,1.33434,0.00315235457063712,0,0.1,0,0,NA,NA,NA,0,NA,0,0,5.9,0.148259999999999,81.4,6.52344000000001,0.5825,0.103782,0,0,NA,NA,NA,NA,NA,NA,NA,NA,NA,NA,NA,NA,NA,NA
"120","Marquise Brown","ARI","WR","2562379","robust",NA,NA,NA,NA,NA,NA,0.11,0.059304,0,0,0.0875,0.037065,0,NA,NA,NA,0,NA,0,0,6.075,0.44478,75.475,12.37971,0.7,0.29652,0,0,NA,NA,NA,NA,NA,NA,NA,NA,NA,NA,NA,NA,NA,NA
"121","Mike Williams","LAC","WR","2558846","robust",NA,NA,NA,NA,NA,NA,0.54875,0.192738,0,0,0.0125,0.037065,0,NA,NA,NA,0,NA,0,0,5.41,0.429954,74.61,5.57457599999999,0.5975,0.192738,0,0,NA,NA,NA,NA,NA,NA,NA,NA,NA,NA,NA,NA,NA,NA
"122","Mike Evans","TB","WR","2543468","robust",NA,NA,NA,NA,NA,NA,0.05,0.096369,0,0,0.0125,0.037065,0,NA,NA,NA,0,NA,0,0,5.3225,0.504084,77.215,2.12011800000001,0.775,0.14826,0,0,NA,NA,NA,NA,NA,NA,NA,NA,NA,NA,NA,NA,NA,NA
"123","A.J. Brown","PHI","WR","2562238","robust",NA,NA,NA,NA,NA,NA,0.19625,0.14826,0,0,0,0,0,NA,NA,NA,0,NA,0,0,5.3,0.681996,76.735,4.74432,0.5,0.088956,0,0,NA,NA,NA,NA,NA,NA,NA,NA,NA,NA,NA,NA,NA,NA
"124","Tyreek Hill","MIA","WR","2556214","robust",NA,NA,NA,NA,NA,NA,5.055,0.0889560000000007,0.00830752889223321,0,0.0875,0.037065,0,NA,NA,NA,0,NA,0,0,5.9925,0.252042,75.555,3.63237,0.5375,0.14826,0,0,NA,NA,NA,NA,NA,NA,NA,NA,NA,NA,NA,NA,NA,NA
"125","Deebo Samuel","SF","WR","2562721","robust",NA,NA,NA,NA,NA,NA,24.3,0.590569,0.3,0,0.102,0.0059304,0,NA,NA,NA,0,NA,0,0,4.925,0.44478,71.5,6.07865999999999,0.4875,0.07413,0,0,NA,NA,NA,NA,NA,NA,NA,NA,NA,NA,NA,NA,NA,NA
"126","Tyler Lockett","SEA","WR","2552430","robust",NA,NA,NA,NA,NA,NA,0.554166666666667,0.417599,0.00375,0,0.0875,0.037065,0,NA,NA,NA,0,NA,0,0,5.725,0.148259999999999,73.035,2.81694000000001,0.5075,0.14826,0,0,NA,NA,NA,NA,NA,NA,NA,NA,NA,NA,NA,NA,NA,NA
"127","Courtland Sutton","DEN","WR","2560888","robust",NA,NA,NA,NA,NA,NA,0.285,0.29652,0,0,0.0875,0.037065,0,NA,NA,NA,0,NA,0,0,5.6,0.296519999999999,74.21,1.77912,0.48,0.177912,0,0,NA,NA,NA,NA,NA,NA,NA,NA,NA,NA,NA,NA,NA,NA
"128","DK Metcalf","SEA","WR","2562685","robust",NA,NA,NA,NA,NA,NA,0.3275,0.252042,0.002,0,0.1125,0.037065,0,NA,NA,NA,0,NA,0,0,5.6,0.385476,73.7,1.92738,0.675,0.14826,0,0,NA,NA,NA,NA,NA,NA,NA,NA,NA,NA,NA,NA,NA,NA
"129","Chris Godwin","TB","WR","2558105","robust",NA,NA,NA,NA,NA,NA,1.7475,0.555975,0.00533538079524292,0,0.05,0.07413,0,NA,NA,NA,0,NA,0,0,5.4,0.29652,65,3.11346,0.425,0.192738,0,0,NA,NA,NA,NA,NA,NA,NA,NA,NA,NA,NA,NA,NA,NA
"130","Christian Kirk","JAC","WR","2560781","robust",NA,NA,NA,NA,NA,NA,1.03833333333333,0.489258,0.000586129753914989,0,0.0125,0.037065,0,NA,NA,NA,0,NA,0,0,4.82,0.29652,63.65,1.4826,0.4375,0.118608,0,0,NA,NA,NA,NA,NA,NA,NA,NA,NA,NA,NA,NA,NA,NA
"131","CeeDee Lamb","DAL","WR","2563848","robust",NA,NA,NA,NA,NA,NA,1.56,0.415128,0,0,0.0875,0.037065,0.07,0,NA,NA,0,NA,0,0,5.625,0.252042,69.5675,6.52344000000001,0.4,0,0,0,NA,NA,NA,NA,NA,NA,NA,NA,NA,NA,"Q","Hip",6,2022
"132","Gabriel Davis","BUF","WR","2563602","robust",NA,NA,NA,NA,NA,NA,0.1525,0.29652,0,0,0,0,0,NA,NA,NA,0,NA,0,0,3.81,0.429954,68.85,2.52042,0.7,0.207564,0,0,NA,NA,NA,NA,NA,NA,NA,NA,NA,NA,NA,NA,NA,NA
"133","Michael Pittman","IND","WR","2564136","robust",NA,NA,NA,NA,NA,NA,0.854166666666667,0.51891,0,0,0.0875,0.037065,0,NA,NA,NA,0,NA,0,0,5.46,0.44478,67.825,3.48410999999999,0.445,0.163086,0,0,NA,NA,NA,NA,NA,NA,NA,NA,NA,NA,NA,NA,NA,NA
"134","Jaylen Waddle","MIA","WR","2566292","robust",NA,NA,NA,NA,NA,NA,2.56291666666667,0.59304,0.00283887733887734,0,0.0125,0.037065,0,NA,NA,NA,0,NA,0,0,5.325,0.44478,65.7625,1.4826,0.35,0.118608,0,0,NA,NA,NA,NA,NA,NA,NA,NA,NA,NA,NA,NA,NA,NA
"135","Terry McLaurin","WAS","WR","2562489","robust",NA,NA,NA,NA,NA,NA,0.720416666666667,0.163086,0,0,0,0,0,NA,NA,NA,0,NA,0,0,4.6,0.889559999999999,63.75,5.78214000000001,0.4,0.163086,0,0,NA,NA,NA,NA,NA,NA,NA,NA,NA,NA,NA,NA,NA,NA
"136","Diontae Johnson","PIT","WR","2562674","robust",NA,NA,NA,NA,NA,NA,2.05,0.108724,0.00402221544302081,0,0.1,0,0,NA,NA,NA,0,NA,0,0,5.85,0.0889559999999994,62.7,3.92889,0.36,0.0741300000000001,0,0,NA,NA,NA,NA,NA,NA,NA,NA,NA,NA,NA,NA,NA,NA
"137","Chris Olave","NO","WR","2567973","robust",NA,NA,NA,NA,NA,NA,0.19,0.14826,0,0,0.075,0.07413,0,NA,NA,NA,0,NA,0,0,4.145,0.7413,57,7.413,0.4,0.07413,0,0,NA,NA,NA,NA,NA,NA,NA,NA,NA,NA,"Q","Concussion",6,2022
"138","Tee Higgins","CIN","WR","2563731","robust",NA,NA,NA,NA,NA,NA,0.1,0.103782,0,0,0,0,0,NA,NA,NA,0,NA,0,0,3,0.467019,43,12.646578,0.3,0.066717,0,0,NA,NA,NA,NA,NA,NA,NA,NA,NA,NA,"Q","Ankle",6,2022
"139","Jakobi Meyers","NE","WR","2562492","robust",NA,NA,NA,NA,NA,NA,0.95,0.126021,0,0,0.1,0,0,NA,NA,NA,0.01,0,0,0,4.875,0.44478,62.125,0.889560000000002,0.35,0.07413,0,0,NA,NA,NA,NA,NA,NA,NA,NA,NA,NA,"Q","Knee",6,2022
"140","Marquez Valdes-Scantling","KC","WR","2560907","robust",NA,NA,NA,NA,NA,NA,0.434166666666667,0.59304,0.001,0,0.0125,0.037065,0,NA,NA,NA,0,NA,0,0,3.7,0.326172,53.17,5.292882,0.335,0.118608,0,0,NA,NA,NA,NA,NA,NA,NA,NA,NA,NA,NA,NA,NA,NA
"141","D.J. Moore","CAR","WR","2560813","robust",NA,NA,NA,NA,NA,NA,4.0875,0.148259999999999,0.00843883044624152,0,0.011,0.014826,0,NA,NA,NA,0,NA,0,0,4.4875,0.192738,55.56,2.475942,0.2,0,0,0,NA,NA,NA,NA,NA,NA,NA,NA,NA,NA,NA,NA,NA,NA
"142","Amari Cooper","CLE","WR","2552487","robust",NA,NA,NA,NA,NA,NA,0.101666666666667,0.059304,0,0,0,0,0.2,0,NA,NA,0,NA,0,0,4.9,0.29652,60.8,3.276546,0.5,0.103782,0,0,NA,NA,NA,NA,NA,NA,NA,NA,NA,NA,NA,NA,NA,NA
"143","Romeo Doubs","GB","WR","2567586","robust",NA,NA,NA,NA,NA,NA,0.78875,0.252042,0,0,0.15,0.07413,0,NA,NA,NA,0.01,0,0,0,4.45,0.0741299999999997,56,3.38032799999999,0.575,0.207564,0,0,NA,NA,NA,NA,NA,NA,NA,NA,NA,NA,NA,NA,NA,NA
"144","JuJu Smith-Schuster","KC","WR","2558149","robust",NA,NA,NA,NA,NA,NA,0.35,0.392889,0,0,0.05,0.07413,0,NA,NA,NA,0,NA,0,0,4.655,0.118608,48.9,1.33434,0.33,0.177912,0,0,NA,NA,NA,NA,NA,NA,NA,NA,NA,NA,NA,NA,NA,NA
"145","Drake London","ATL","WR","2567250","robust",NA,NA,NA,NA,NA,NA,0.513333333333333,0.237216,0.01,0,0.0125,0.037065,0,NA,NA,NA,0,NA,0,0,4.6,0.148260000000001,57.9,4.121628,0.385,0.044478,0,0,NA,NA,NA,NA,NA,NA,NA,NA,NA,NA,NA,NA,NA,NA
"146","Devin Duvernay","BAL","WR","2563551","robust",NA,NA,NA,NA,NA,NA,4.67375,1.77912,0.00235164835164835,0,0.0125,0.037065,0,NA,NA,NA,0.06,0,0,0,3.98,0.29652,47.325,0.444779999999996,0.33,0.103782,0,0,NA,NA,NA,NA,NA,NA,NA,NA,NA,NA,NA,NA,NA,NA
"147","DeVonta Smith","PHI","WR","2566409","robust",NA,NA,NA,NA,NA,NA,0,0,0,0,0.0125,0.037065,0,NA,NA,NA,0,NA,0,0,4.775,0.29652,63.4375,3.26171999999999,0.315,0.044478,0,0,NA,NA,NA,NA,NA,NA,NA,NA,NA,NA,NA,NA,NA,NA
"148","Garrett Wilson","NYJ","WR","2568048","robust",NA,NA,NA,NA,NA,NA,1.15791666666667,0.457135,0.0025,0,0.0125,0.037065,0,NA,NA,NA,0,NA,0,0,3.95,0.14826,51.05,1.4826,0.275,0.07413,0,0,NA,NA,NA,NA,NA,NA,NA,NA,NA,NA,NA,NA,NA,NA
"149","Curtis Samuel","WAS","WR","2558066","robust",NA,NA,NA,NA,NA,NA,8.18083333333333,1.784062,0.00671349862258953,0,0.091,0,0,NA,NA,NA,0,NA,0,0,5.1,0.29652,52.435,2.238726,0.3,0,0,0,NA,NA,NA,NA,NA,NA,NA,NA,NA,NA,NA,NA,NA,NA
"150","Tyler Boyd","CIN","WR","2555466","robust",NA,NA,NA,NA,NA,NA,0.481666666666667,0.207564,0,0,0,0,0,NA,NA,NA,0,NA,0,0,3.935,0.266868,50.2125,0.889559999999991,0.35,0.088956,0,0,NA,NA,NA,NA,NA,NA,NA,NA,NA,NA,NA,NA,NA,NA
"151","Alec Pierce","IND","WR","2567715","robust",NA,NA,NA,NA,NA,NA,0.163333333333333,0.138376,0,0,0.0125,0.037065,0,NA,NA,NA,0,NA,0,0,4.05,0.237216,52.745,9.058686,0.2275,0.07413,0,0,NA,NA,NA,NA,NA,NA,NA,NA,NA,NA,NA,NA,NA,NA
"152","Russell Gage","TB","WR","2561061","robust",NA,NA,NA,NA,NA,NA,0.0958333333333333,0.14826,0,0,0.05,0.07413,0,NA,NA,NA,0,NA,0,0,3.7025,0.59304,40.6525,1.77912,0.2,0.14826,0,0,NA,NA,NA,NA,NA,NA,NA,NA,NA,NA,NA,NA,NA,NA
"153","Jerry Jeudy","DEN","WR","2563896","robust",NA,NA,NA,NA,NA,NA,0.25,0.0864849999999999,0,0,0,0,0,NA,NA,NA,0,NA,0,0,4,0.237216,58.365,3.83993399999999,0.3,0.044478,0,0,NA,NA,NA,NA,NA,NA,NA,NA,NA,NA,NA,NA,NA,NA
"154","Allen Lazard","GB","WR","2560787","robust",NA,NA,NA,NA,NA,NA,0.5,0.118608,0,0,0,0,0,NA,NA,NA,0,NA,0,0,4.5725,0.148259999999999,59.8,1.92738,0.7,0.355824,0,0,NA,NA,NA,NA,NA,NA,NA,NA,NA,NA,NA,NA,NA,NA
"155","Darnell Mooney","CHI","WR","2563707","robust",NA,NA,NA,NA,NA,NA,0.95,0.14826,0,0,0,0,0,NA,NA,NA,0,NA,0,0,3.75,0.22239,53.525,6.59757,0.3125,0.133434,0,0,NA,NA,NA,NA,NA,NA,NA,NA,NA,NA,NA,NA,NA,NA
"156","Brandon Aiyuk","SF","WR","2565093","robust",NA,NA,NA,NA,NA,NA,0.762083333333333,0.44478,0,0,0.0125,0.037065,0,NA,NA,NA,0,NA,0,0,4,0.103782,52,1.4826,0.3,0.014826,0,0,NA,NA,NA,NA,NA,NA,NA,NA,NA,NA,NA,NA,NA,NA
"157","George Pickens","PIT","WR","2568159","robust",NA,NA,NA,NA,NA,NA,0.29,0.237216,0,0,0.0125,0.037065,0,NA,NA,NA,0,NA,0,0,4.4,0.296519999999999,55.4975,1.18608,0.155,0.088956,0,0,NA,NA,NA,NA,NA,NA,NA,NA,NA,NA,NA,NA,NA,NA
"158","Adam Thielen","MIN","WR","2541785","robust",NA,NA,NA,NA,NA,NA,0.104166666666667,0.14826,0,0,0,0,0,NA,NA,NA,0,NA,0,0,4.55,0.148259999999999,53.6375,2.66868,0.3975,0.044478,0,0,NA,NA,NA,NA,NA,NA,NA,NA,NA,NA,NA,NA,NA,NA
"159","Tre'Quan Smith","NO","WR","2560878","robust",NA,NA,NA,NA,NA,NA,0.0966666666666667,0.009884,0,0,0.0125,0.037065,0,NA,NA,NA,0,NA,0,0,2.81,0.563388,41.775,1.4826,0.18,0.059304,0,0,NA,NA,NA,NA,NA,NA,NA,NA,NA,NA,NA,NA,NA,NA
"160","Randall Cobb","GB","WR","2495448","robust",NA,NA,NA,NA,NA,NA,0,0,0,0,0,0,0,NA,NA,NA,0,NA,0,0,3.4525,0.44478,45.565,2.07564,0.245,0.118608,0,0,NA,NA,NA,NA,NA,NA,NA,NA,NA,NA,NA,NA,NA,NA
"161","Rondale Moore","ARI","WR","2566433","robust",NA,NA,NA,NA,NA,NA,3.61,3.269133,0.00375,0,0.062,0.0563388,0,NA,NA,NA,0,NA,0,0,4.675,0.148259999999999,46.87,2.609376,0.1775,0.118608,0,0,NA,NA,NA,NA,NA,NA,NA,NA,NA,NA,NA,NA,NA,NA
"162","Corey Davis","NYJ","WR","2557848","robust",NA,NA,NA,NA,NA,NA,0.105833333333333,0,0,0,0.0125,0.037065,0,NA,NA,NA,0,NA,0,0,3.0875,0.326172,46.485,7.85778,0.2325,0.14826,0,0,NA,NA,NA,NA,NA,NA,NA,NA,NA,NA,NA,NA,NA,NA
"163","DeVante Parker","NE","WR","2552409","robust",NA,NA,NA,NA,NA,NA,0.045,0,0,0,0,0,0,NA,NA,NA,0,NA,0,0,2.8125,0.504084,39.68,8.22843,0.21,0.029652,0,0,NA,NA,NA,NA,NA,NA,NA,NA,NA,NA,NA,NA,NA,NA
"164","Elijah Moore","NYJ","WR","2566385","robust",NA,NA,NA,NA,NA,NA,1.935,0.899444,0.00321947831482372,0,0,0,0,NA,NA,NA,0,NA,0,0,3.3225,0.118608,43.9,4.67019,0.155,0.088956,0,0,NA,NA,NA,NA,NA,NA,NA,NA,NA,NA,NA,NA,NA,NA
"165","Josh Palmer","LAC","WR","2566502","robust",NA,NA,NA,NA,NA,NA,0.420416666666667,0.163086,0,0,0,0,0,NA,NA,NA,0,NA,0,0,3.415,0.326172,41.1125,3.7065,0.2525,0.059304,0,0,NA,NA,NA,NA,NA,NA,NA,NA,NA,NA,NA,NA,NA,NA
"166","Michael Gallup","DAL","WR","2560735","robust",NA,NA,NA,NA,NA,NA,0.0525,0,0,0,0,0,0,NA,NA,NA,0,NA,0,0,3.74,0.207564,48.45,5.619054,0.25,0.133434,0,0,NA,NA,NA,NA,NA,NA,NA,NA,NA,NA,NA,NA,NA,NA
"167","Julio Jones","TB","WR","2495454","robust",NA,NA,NA,NA,NA,NA,1.35,0.59304,0,0,0,0,0,NA,NA,NA,0,NA,0,0,2.935,0.14826,42.25,9.6369,0.2,0,0,0,NA,NA,NA,NA,NA,NA,NA,NA,NA,NA,"D","Knee",6,2022
"168","Marquez Callaway","NO","WR","2565310","robust",NA,NA,NA,NA,NA,NA,0.03,0.0237216,0,0,0,0,0,NA,NA,NA,0.01,0,0,0,3.11,0.163086,41.9,2.120118,0.2,0,0,0,NA,NA,NA,NA,NA,NA,NA,NA,NA,NA,NA,NA,NA,NA
"169","Richie James","NYG","WR","2560761","robust",NA,NA,NA,NA,NA,NA,1,0.29652,0,0,0.1,0,0,NA,NA,NA,0,NA,0,0,2.81,0.59304,36.72,4.032672,0.1075,0.14826,0,0,NA,NA,NA,NA,NA,NA,NA,NA,NA,NA,NA,NA,NA,NA
"170","Noah Brown","DAL","WR","2558091","robust",NA,NA,NA,NA,NA,NA,0.05,0.093898,0,0,0,0,0,NA,NA,NA,0,NA,0,0,3.15,0.14826,39.85,4.462626,0.15,0.07413,0,0,NA,NA,NA,NA,NA,NA,NA,NA,NA,NA,NA,NA,NA,NA
"171","Zay Jones","JAC","WR","2557863","robust",NA,NA,NA,NA,NA,NA,0.8675,0.44478,0,0,0,0,0,NA,NA,NA,0,NA,0,0,4.1025,0.148259999999999,43.99,0.533735999999999,0.2,0,0,0,NA,NA,NA,NA,NA,NA,NA,NA,NA,NA,"Q","Ankle",6,2022
"172","Ben Skowronek","LAR","WR","2566247","robust",NA,NA,NA,NA,NA,NA,0.0075,0,0,0,0,0,0,NA,NA,NA,0,NA,0,0,3.08,0.652344,35.01,7.605738,0.15,0.07413,0,0,NA,NA,NA,NA,NA,NA,NA,NA,NA,NA,NA,NA,NA,NA
"173","Khalil Shakir","BUF","WR","2567334","robust",NA,NA,NA,NA,NA,NA,0.292083333333333,0.192738,0,0,0.0125,0.037065,0,NA,NA,NA,0.01,0,0,0,1.825,0.29652,23.375,9.6369,0.1,0,0,0,NA,NA,NA,NA,NA,NA,NA,NA,NA,NA,NA,NA,NA,NA
"174","Breshad Perriman","TB","WR","2552597","robust",NA,NA,NA,NA,NA,NA,0.5,0.7413,0,0,0.1125,0.0185325,0,NA,NA,NA,0,NA,0,0,1.5,0.378063,23,8.287734,0.15,0.081543,0,0,NA,NA,NA,NA,NA,NA,NA,NA,NA,NA,NA,NA,NA,NA
"175","Darius Slayton","NYG","WR","2562736","robust",NA,NA,NA,NA,NA,NA,0.05,0.121079,0,0,0,0,0,NA,NA,NA,0,NA,0,0,2.885,0.14826,40.365,0.593039999999998,0.2,0,0,0,NA,NA,NA,NA,NA,NA,NA,NA,NA,NA,NA,NA,NA,NA
"176","Donovan Peoples-Jones","CLE","WR","2563803","robust",NA,NA,NA,NA,NA,NA,0.045,0,0,0,0,0,0,NA,NA,NA,0,NA,0,0,2.915,0.400302,41.6,3.157938,0.15,0.029652,0,0,NA,NA,NA,NA,NA,NA,NA,NA,NA,NA,NA,NA,NA,NA
"177","Kendrick Bourne","NE","WR","2558914","robust",NA,NA,NA,NA,NA,NA,3.25,1.576498,0,0,0,0,0,NA,NA,NA,0,NA,0,0,2.4,0.14826,30.9675,6.37518,0.2,0,0,0,NA,NA,NA,NA,NA,NA,NA,NA,NA,NA,NA,NA,NA,NA
"178","Chase Claypool","PIT","WR","2564970","robust",NA,NA,NA,NA,NA,NA,4.41375,0.59304,0.0116060221743503,0,0,0,0,NA,NA,NA,0,NA,0,0,3.2,0.14826,37.5175,3.884412,0.1,0,0,0,NA,NA,NA,NA,NA,NA,NA,NA,NA,NA,NA,NA,NA,NA
"179","Mecole Hardman","KC","WR","2562580","robust",NA,NA,NA,NA,NA,NA,3.45333333333333,0.44478,0.00671000268982213,0,0.042,0.0622692,0,NA,NA,NA,0,NA,0,0,2.6,0.14826,30.6,1.4826,0.1925,0.014826,0,0,NA,NA,NA,NA,NA,NA,NA,NA,NA,NA,NA,NA,NA,NA
"180","Wan'Dale Robinson","NYG","WR","2568012","robust",NA,NA,NA,NA,NA,NA,0.306666666666667,0.385476,0,0,0,0,0,NA,NA,NA,0,NA,0,0,1.65,1.33434,20.4,16.01208,0.095,0.014826,0,0,NA,NA,NA,NA,NA,NA,NA,NA,NA,NA,"Q","Knee",6,2022
"181","Isaiah McKenzie","BUF","WR","2558129","robust",NA,NA,NA,NA,NA,NA,3.35,0.635047,0.0116286875623498,0,0.011,0.014826,0,NA,NA,NA,0.01,0,0,0,3.535,0.385476,40.0575,0.845082,0.2975,0.059304,0,0,NA,NA,NA,NA,NA,NA,NA,NA,NA,NA,NA,NA,NA,NA
"182","Robby Anderson","CAR","WR","2556462","robust",NA,NA,NA,NA,NA,NA,0.723333333333333,0.390418,0.000523611111111111,0,0.05,0.07413,0,NA,NA,NA,0,NA,0,0,3.075,0.14826,37.935,3.26171999999999,0.15,0.088956,0,0,NA,NA,NA,NA,NA,NA,NA,NA,NA,NA,"Q","Illness",6,2022
"183","Allen Robinson","LAR","WR","2543509","robust",NA,NA,NA,NA,NA,NA,0.02375,0,0,0,0,0,0,NA,NA,NA,0,NA,0,0,3.02,0.14826,35.52,2.9652,0.215,0.07413,0,0,NA,NA,NA,NA,NA,NA,NA,NA,NA,NA,NA,NA,NA,NA
"184","Olamide Zaccheaus","ATL","WR","2562808","robust",NA,NA,NA,NA,NA,NA,0.41875,0.14826,0.01,0,0.05,0.07413,0,NA,NA,NA,0,NA,0,0,2.415,0.29652,35.6,2.609376,0.21,0.088956,0,0,NA,NA,NA,NA,NA,NA,NA,NA,NA,NA,NA,NA,NA,NA
"185","Jamal Agnew","JAC","WR","2558821","robust",NA,NA,NA,NA,NA,NA,3.1,0.155673,0.03,0.022239,0.011,0.007413,0,NA,NA,NA,0.07,0,0,0,2.45,0.400302,25.25,1.85325,0.215,0.051891,0,0,NA,NA,NA,NA,NA,NA,NA,NA,NA,NA,NA,NA,NA,NA
"186","K.J. Osborn","MIN","WR","2564574","robust",NA,NA,NA,NA,NA,NA,0.14375,0.14826,0,0,0,0,0,NA,NA,NA,0.01,0,0,0,2.7,0.14826,32.35,1.77912,0.195,0.088956,0,0,NA,NA,NA,NA,NA,NA,NA,NA,NA,NA,NA,NA,NA,NA
"187","DeAndre Carter","LAC","WR","2553502","robust",NA,NA,NA,NA,NA,NA,0.95,0.130963,0,0,0.1,0,0,NA,NA,NA,0,NA,0,0,2.595,0.607866,30.355,6.37518,0.15,0.07413,0,0,NA,NA,NA,NA,NA,NA,NA,NA,NA,NA,NA,NA,NA,NA
"188","Tyquan Thornton","NE","WR","2567958","robust",NA,NA,NA,NA,NA,NA,0.325,0.44478,0,0,0,0,0,NA,NA,NA,0,NA,0,0,1.795,0.504084,21.8,6.530853,0.11,0.059304,0,0,NA,NA,NA,NA,NA,NA,NA,NA,NA,NA,NA,NA,NA,NA
"189","Equanimeous St. Brown","CHI","WR","2560883","robust",NA,NA,NA,NA,NA,NA,1.403,0.511497,0.000981843575418994,0.000766148044692737,0,0,0,NA,NA,NA,0,NA,0,0,1.8,0.155673,24.9,4.232823,0.1,0.022239,0,0,NA,NA,NA,NA,NA,NA,NA,NA,NA,NA,NA,NA,NA,NA
"190","Dyami Brown","WAS","WR","2566586","robust",NA,NA,NA,NA,NA,NA,-0.00916666666666667,0.027181,0,0,0,0,0,NA,NA,NA,0.01,0,0,0,1.8,0.785778,24.2,2.07564,0.135,0.059304,0,0,NA,NA,NA,NA,NA,NA,NA,NA,NA,NA,NA,NA,NA,NA
"191","A.J. Green","ARI","WR","2495450","robust",NA,NA,NA,NA,NA,NA,0,0,0,0,0,0,0,NA,NA,NA,0,NA,0,0,2.275,0.44478,30.025,2.37216,0.1,0.14826,0,0,NA,NA,NA,NA,NA,NA,NA,NA,NA,NA,NA,NA,NA,NA
"192","Parris Campbell","IND","WR","2562495","robust",NA,NA,NA,NA,NA,NA,0.27125,0.044478,0,0,0,0,0,NA,NA,NA,0,NA,0,0,2.2,0.29652,27.895,5.1891,0.1,0,0,0,NA,NA,NA,NA,NA,NA,NA,NA,NA,NA,NA,NA,NA,NA
"193","Shi Smith","CAR","WR","2565908","robust",NA,NA,NA,NA,NA,NA,0,0,0,0,0,0,0,NA,NA,NA,0.01,0,0,0,2,0.133434,25.325,1.63086,0.085,0.029652,0,0,NA,NA,NA,NA,NA,NA,NA,NA,NA,NA,NA,NA,NA,NA
"194","KhaDarel Hodge","ATL","WR","2561653","robust",NA,NA,NA,NA,NA,NA,0.015,0,0,0,0,0,0,NA,NA,NA,0,NA,0,0,1.325,0.207564,18.765,3.068982,0.08,0.00741300000000001,0,0,NA,NA,NA,NA,NA,NA,NA,NA,NA,NA,NA,NA,NA,NA
"195","David Sills","NYG","WR","2562732","robust",NA,NA,NA,NA,NA,NA,0.2,0.14826,0,0,0,0,0,NA,NA,NA,0,NA,0,0,2.15,0.29652,26.3825,0.785778000000002,0.1,0,0,0,NA,NA,NA,NA,NA,NA,NA,NA,NA,NA,NA,NA,NA,NA
"196","Tutu Atwell","LAR","WR","2566196","robust",NA,NA,NA,NA,NA,NA,0.1,0.111195,0,0,0,0,0,NA,NA,NA,0,NA,0,0,0.9,0.185325,12.55,2.676093,0.08,0.022239,0,0,NA,NA,NA,NA,NA,NA,NA,NA,NA,NA,NA,NA,NA,NA
"197","Jauan Jennings","SF","WR","2565114","robust",NA,NA,NA,NA,NA,NA,0,0,0,0,0,0,0,NA,NA,NA,0,NA,0,0,1.925,0.14826,23.885,0.7413,0.1,0,0,0,NA,NA,NA,NA,NA,NA,NA,NA,NA,NA,NA,NA,NA,NA
"198","Marcus Johnson","NYG","WR","2556855","robust",NA,NA,NA,NA,NA,NA,0.2,0.22239,0,0,0,0,0,NA,NA,NA,0,NA,0,0,1.9,0.37065,27.875,2.00151,0.1,0,0,0,NA,NA,NA,NA,NA,NA,NA,NA,NA,NA,NA,NA,NA,NA
"199","Jarvis Landry","NO","WR","2543488","robust",NA,NA,NA,NA,NA,NA,1,0,0,0,0,0,NA,NA,NA,NA,NA,NA,0,0,3,0,29,0,0.3,0,0,0,NA,NA,NA,NA,NA,NA,NA,NA,NA,NA,"O","Ankle",6,2022
"200","Demarcus Robinson","BAL","WR","2555478","robust",NA,NA,NA,NA,NA,NA,0,0,0,0,0,0,0,NA,NA,NA,0,NA,0,0,1.915,0.489258,23.805,3.543414,0.17,0.059304,0,0,NA,NA,NA,NA,NA,NA,NA,NA,NA,NA,NA,NA,NA,NA
"201","Justin Watson","KC","WR","2560051","robust",NA,NA,NA,NA,NA,NA,0,0,0,0,0,0,0,NA,NA,NA,0,NA,0,0,0.81,0.340998,9.63,3.424806,0.1,0.044478,0,0,NA,NA,NA,NA,NA,NA,NA,NA,NA,NA,NA,NA,NA,NA
"202","James Proche","BAL","WR","2563572","robust",NA,NA,NA,NA,NA,NA,0.0825,0.059304,0,0,0,0,0,NA,NA,NA,0,NA,0,0,1.37,0.0889559999999997,16.45,3.454458,0.0925,0.014826,0,0,NA,NA,NA,NA,NA,NA,NA,NA,NA,NA,NA,NA,NA,NA
"203","Cedrick Wilson","MIA","WR","2560936","robust",NA,NA,NA,NA,NA,NA,0.9225,0.266868,0.00129197080291971,0,0,0,0,NA,NA,NA,0,NA,0,0,1.75,0.14826,22.3,4.4478,0.1,0,0,0,NA,NA,NA,NA,NA,NA,NA,NA,NA,NA,NA,NA,NA,NA
"204","Amari Rodgers","GB","WR","2566091","robust",NA,NA,NA,NA,NA,NA,0.3,0.37065,0,0,0.0125,0.0185325,0,NA,NA,NA,0.01,0,0,0,0.8,0.348411,9.85,4.07715,0.05,0.044478,0,0,NA,NA,NA,NA,NA,NA,NA,NA,NA,NA,NA,NA,NA,NA
"205","Quez Watkins","PHI","WR","2564880","robust",NA,NA,NA,NA,NA,NA,0.04,0.059304,0,0,0,0,0,NA,NA,NA,0,NA,0,0,1.6075,0.14826,19.345,8.1543,0.1,0,0,0,NA,NA,NA,NA,NA,NA,NA,NA,NA,NA,NA,NA,NA,NA
"206","Greg Dortch","ARI","WR","2562561","robust",NA,NA,NA,NA,NA,NA,0.75,0.563388,0,0,0,0,0,NA,NA,NA,0,NA,0,0,1.25,0.155673,14.1,0.400301999999999,0.05,0.059304,0,0,NA,NA,NA,NA,NA,NA,NA,NA,NA,NA,NA,NA,NA,NA
"207","KJ Hamler","DEN","WR","2563890","robust",NA,NA,NA,NA,NA,NA,1.045,0.570801,0,0,0,0,0,NA,NA,NA,0,NA,0,0,1.5,0.29652,22.15,2.07564,0.1,0,0,0,NA,NA,NA,NA,NA,NA,NA,NA,NA,NA,NA,NA,NA,NA
"208","Dante Pettis","CHI","WR","2560836","robust",NA,NA,NA,NA,NA,NA,0.03,0,0,0,0,0,0,NA,NA,NA,0,NA,0,0,1.21,0.281694,19.675,3.33585,0.115,0.014826,0,0,NA,NA,NA,NA,NA,NA,NA,NA,NA,NA,NA,NA,NA,NA
"209","David Bell","CLE","WR","2567460","robust",NA,NA,NA,NA,NA,NA,0.340833333333333,0.249571,0,0,0,0,0,NA,NA,NA,0,NA,0,0,1.1,0.14826,14,0.385476,0.06,0,0,0,NA,NA,NA,NA,NA,NA,NA,NA,NA,NA,NA,NA,NA,NA
"210","Bryan Edwards","ATL","WR","2564418","robust",NA,NA,NA,NA,NA,NA,0,0,0,0,0,0,0,NA,NA,NA,0,NA,0,0,0.94,0.22239,12.55,4.4478,0.075,0,0,0,NA,NA,NA,NA,NA,NA,NA,NA,NA,NA,NA,NA,NA,NA
"211","Damiere Byrd","ATL","WR","2553499","robust",NA,NA,NA,NA,NA,NA,0.15,0.118608,0,0,0,0,0,NA,NA,NA,0,NA,0,0,1.1,0.681996,12.8,7.724346,0.06,0.037065,0,0,NA,NA,NA,NA,NA,NA,NA,NA,NA,NA,NA,NA,NA,NA
"212","James Washington","DAL","WR","2560920","robust",NA,NA,NA,NA,NA,NA,0.6,0,0,0,0,0,0,NA,NA,NA,0,NA,0,0,1.5,0,21.5,0,0.2,0,0,0,NA,NA,NA,NA,NA,NA,NA,NA,NA,NA,"IR","Foot",6,2022
"213","Jalen Tolbert","DAL","WR","2567508","robust",NA,NA,NA,NA,NA,NA,0.35,0.333585,0,0,0.0875,0.0185325,0,NA,NA,NA,0,NA,0,0,1.15,0.192738,14.2,3.40998,0.08,0.029652,0,0,NA,NA,NA,NA,NA,NA,NA,NA,NA,NA,NA,NA,NA,NA
"214","Mike Thomas","CIN","WR","2556381","robust",NA,NA,NA,NA,NA,NA,0.1,0.14826,0,0,0,0,0,NA,NA,NA,0,NA,0,0,1.23,0.133434,15.84,2.2239,0.08,0.029652,0,0,NA,NA,NA,NA,NA,NA,NA,NA,NA,NA,NA,NA,NA,NA
"215","Cam Sims","WAS","WR","2561067","robust",NA,NA,NA,NA,NA,NA,0.09,0.07413,0,0,0,0,0,NA,NA,NA,0,NA,0,0,1.25,0.22239,16.15,2.920722,0.09,0,0,0,NA,NA,NA,NA,NA,NA,NA,NA,NA,NA,NA,NA,NA,NA
"216","Anthony Schwartz","CLE","WR","2565986","robust",NA,NA,NA,NA,NA,NA,2.66,2.37216,0,0,0,0,0,NA,NA,NA,0,NA,0,0,0.6,0.326172,9.225,4.499691,0.05,0.051891,0,0,NA,NA,NA,NA,NA,NA,NA,NA,NA,NA,NA,NA,NA,NA
"217","Skyy Moore","KC","WR","2567805","robust",NA,NA,NA,NA,NA,NA,0.1,0.1008168,0,0,0,0,0,NA,NA,NA,0.01,0,0,0,1.035,0.37065,15.5,5.211339,0.05,0.051891,0,0,NA,NA,NA,NA,NA,NA,NA,NA,NA,NA,NA,NA,NA,NA
"218","Braxton Berrios","NYJ","WR","2560975","robust",NA,NA,NA,NA,NA,NA,4.2,1.660512,0.1,0.029652,0.0125,0.0185325,0,NA,NA,NA,0.01,0,0,0,1.44,0.392889,13.36,3.736152,0.075,0,0,0,NA,NA,NA,NA,NA,NA,NA,NA,NA,NA,NA,NA,NA,NA
"219","Scott Miller","TB","WR","2562865","robust",NA,NA,NA,NA,NA,NA,1.9,0.29652,0,0,0,0,0,NA,NA,NA,0,NA,0,0,1.275,0.0741300000000001,16.5,1.445535,0.085,0.014826,0,0,NA,NA,NA,NA,NA,NA,NA,NA,NA,NA,NA,NA,NA,NA
"220","Miles Boykin","PIT","WR","2562631","robust",NA,NA,NA,NA,NA,NA,0.075,0,0,0,0,0,0,NA,NA,NA,0,NA,0,0,0.8,0.333585,9.3,2.861418,0.075,0.044478,0,0,NA,NA,NA,NA,NA,NA,NA,NA,NA,NA,NA,NA,NA,NA
"221","Isaiah Hodgins","BUF","WR","2563611","robust",NA,NA,NA,NA,NA,NA,0.2,0.014826,0,0,0,0,0,NA,NA,NA,0,NA,0,0,1.385,0.014826,17.185,0.0148260000000023,0.1,0.014826,0,0,NA,NA,NA,NA,NA,NA,NA,NA,NA,NA,NA,NA,NA,NA
"222","Trent Sherfield","MIA","WR","2561272","robust",NA,NA,NA,NA,NA,NA,0,0,0,0,0,0,0,NA,NA,NA,0,NA,0,0,1.3,0.214977,12.645,3.48411,0.07,0.022239,0,0,NA,NA,NA,NA,NA,NA,NA,NA,NA,NA,NA,NA,NA,NA
"223","Marquise Goodwin","SEA","WR","2539964","robust",NA,NA,NA,NA,NA,NA,0.105,0.014826,0,0,0,0,0,NA,NA,NA,0,NA,0,0,1.2,0,15.26,1.393644,0.055,0.014826,0,0,NA,NA,NA,NA,NA,NA,NA,NA,NA,NA,"Q","Knee",6,2022
"224","Ray-Ray McCloud","SF","WR","2560801","robust",NA,NA,NA,NA,NA,NA,0.1,0.14826,0,0,0,0,0,NA,NA,NA,0.01,0,0,0,1.04,0.533736,11.4,1.008168,0.05,0.059304,0,0,NA,NA,NA,NA,NA,NA,NA,NA,NA,NA,NA,NA,NA,NA
"225","Keith Kirkwood","NO","WR","2561224","robust",NA,NA,NA,NA,NA,NA,0,0,0,0,0,0,NA,NA,NA,NA,NA,NA,0,0,1.2,0,14,0,0.1,0,0,0,NA,NA,NA,NA,NA,NA,NA,NA,NA,NA,NA,NA,NA,NA
"226","Jason Moore","LAC","WR","2562860","robust",NA,NA,NA,NA,NA,NA,0,0,0,0,0,0,0,NA,NA,NA,0,NA,0,0,0.85,0,10.75,0,0.075,0,0,0,NA,NA,NA,NA,NA,NA,NA,NA,NA,NA,NA,NA,NA,NA
"227","Velus Jones","CHI","WR","2567409","robust",NA,NA,NA,NA,NA,NA,0.4625,0.407715,0,0,0,0,0,NA,NA,NA,0,NA,0,0,0.75,0.163086,9.1575,1.504839,0.0525,0.044478,0,0,NA,NA,NA,NA,NA,NA,NA,NA,NA,NA,NA,NA,NA,NA
"228","Rashard Higgins","CAR","WR","2555468","robust",NA,NA,NA,NA,NA,NA,0,0,0,0,0,0,0,NA,NA,NA,0,NA,0,0,0.2,0.037065,3.0825,0.429954,0.005,0.007413,0,0,NA,NA,NA,NA,NA,NA,NA,NA,NA,NA,NA,NA,NA,NA
"229","D'Wayne Eskridge","SEA","WR","2566553","robust",NA,NA,NA,NA,NA,NA,2,0.88956,0.005,0,0,0,0,NA,NA,NA,0.01,0,0,0,1,0,11.6,3.40998,0.085,0,0,0,NA,NA,NA,NA,NA,NA,NA,NA,NA,NA,"Q","Illness",6,2022
"230","Brandon Powell","LAR","WR","2561261","robust",NA,NA,NA,NA,NA,NA,2.315,0.281694,0.015,0,0,0,0,NA,NA,NA,0,NA,0,0,0.7,0.044478,8,0.845082,0.02,0,0,0,NA,NA,NA,NA,NA,NA,NA,NA,NA,NA,NA,NA,NA,NA
"231","Tylan Wallace","BAL","WR","2565857","robust",NA,NA,NA,NA,NA,NA,0,0,0,0,0,0,0,NA,NA,NA,0,NA,0,0,0.95,0.0593040000000001,10.79,1.067472,0.08,0.014826,0,0,NA,NA,NA,NA,NA,NA,NA,NA,NA,NA,NA,NA,NA,NA
"232","Ihmir Smith-Marsette","CHI","WR","2566319","robust",NA,NA,NA,NA,NA,NA,0,0,0,0,0,0,0,NA,NA,NA,0,NA,0,0,0.7925,0.00741300000000001,11.1,0.793191,0.08,0.022239,0,0,NA,NA,NA,NA,NA,NA,NA,NA,NA,NA,NA,NA,NA,NA
"233","Danny Gray","SF","WR","2568210","robust",NA,NA,NA,NA,NA,NA,0.1,0.14826,0,0,0,0,0,NA,NA,NA,0,NA,0,0,0.7,0.192738,8.2,2.802114,0.02,0,0,0,NA,NA,NA,NA,NA,NA,NA,NA,NA,NA,NA,NA,NA,NA
"234","Jeff Smith","NYJ","WR","2562845","robust",NA,NA,NA,NA,NA,NA,0.145,0.14826,0,0,0,0,0,NA,NA,NA,0,NA,0,0,0.2975,0.103782,4.22,0.200151,0.01,0.014826,0,0,NA,NA,NA,NA,NA,NA,NA,NA,NA,NA,NA,NA,NA,NA
"235","Steven Sims","PIT","WR","2563033","robust",NA,NA,NA,NA,NA,NA,0.5075,0.7413,0.0025,0,0,0,0,NA,NA,NA,0,NA,0,0,0.5725,0.14826,6.6375,5.70801,0.02,0,0,0,NA,NA,NA,NA,NA,NA,NA,NA,NA,NA,NA,NA,NA,NA
"236","Jalen Reagor","MIN","WR","2564850","robust",NA,NA,NA,NA,NA,NA,1.185,1.4826,0,0,0,0,0,NA,NA,NA,0,NA,0,0,0.65,0.0889559999999999,7,2.9652,0.035,0.029652,0,0,NA,NA,NA,NA,NA,NA,NA,NA,NA,NA,NA,NA,NA,NA
"237","Lance McCutcheon","LAR","WR","2567847","robust",NA,NA,NA,NA,NA,NA,0.25,0.07413,0,0,0,0,0,NA,NA,NA,0,NA,0,0,0.5625,0.07413,7.2,0,0.04,0.044478,0,0,NA,NA,NA,NA,NA,NA,NA,NA,NA,NA,NA,NA,NA,NA
"238","Mark Andrews","BAL","TE","2560957","robust",NA,NA,NA,NA,NA,NA,0.05125,0.1519665,0,0,0.0875,0.037065,0,NA,NA,NA,0,NA,0,0,6.1525,0.29652,73.5725,7.413,0.6925,0.252042,0,0,NA,NA,NA,NA,NA,NA,NA,NA,NA,NA,NA,NA,NA,NA
"239","Travis Kelce","KC","TE","2540258","robust",NA,NA,NA,NA,NA,NA,0.805,0.555975,0.00666666666666667,0,0.0875,0.037065,0,NA,NA,NA,0,NA,0,0,6.4225,0.37065,73.6,3.55824000000001,0.76,0.14826,0,0,NA,NA,NA,NA,NA,NA,NA,NA,NA,NA,NA,NA,NA,NA
"240","David Njoku","CLE","TE","2557986","robust",NA,NA,NA,NA,NA,NA,-0.0225,0.066717,0,0,0.05,0.07413,0,NA,NA,NA,0,NA,0,0,3.745,0.311346,43.9,0.593039999999998,0.245,0.07413,0,0,NA,NA,NA,NA,NA,NA,NA,NA,NA,NA,NA,NA,NA,NA
"241","George Kittle","SF","TE","2558266","robust",NA,NA,NA,NA,NA,NA,0.7075,0.126021,0.005,0.007413,0.1125,0.037065,0,NA,NA,NA,0,NA,0,0,4.6675,0.44478,53.45,4.15128,0.3525,0.118608,0,0,NA,NA,NA,NA,NA,NA,NA,NA,NA,NA,NA,NA,NA,NA
"242","Dallas Goedert","PHI","TE","2560995","robust",NA,NA,NA,NA,NA,NA,0.00625,0.0185325,0,0,0,0,0,NA,NA,NA,0,NA,0,0,4.3325,0.29652,54.625,4.22541,0.35,0.088956,0,0,NA,NA,NA,NA,NA,NA,NA,NA,NA,NA,NA,NA,NA,NA
"243","Tyler Higbee","LAR","TE","2555364","robust",NA,NA,NA,NA,NA,NA,0.01,0.029652,0,0,0,0,0,NA,NA,NA,0,NA,0,0,5.0025,0.148259999999999,48.4625,5.144622,0.4025,0.192738,0,0,NA,NA,NA,NA,NA,NA,NA,NA,NA,NA,"Q","Ankle",6,2022
"244","Zach Ertz","ARI","TE","2540158","robust",NA,NA,NA,NA,NA,NA,0.04375,0.1297275,0,0,0.0125,0.037065,0,NA,NA,NA,0,NA,0,0,4.9,0.593039999999999,52.065,2.9652,0.575,0.237216,0,0,NA,NA,NA,NA,NA,NA,NA,NA,NA,NA,NA,NA,NA,NA
"245","Gerald Everett","LAC","TE","2557889","robust",NA,NA,NA,NA,NA,NA,0.0475,0.140847,0,0,0.05,0.07413,0,NA,NA,NA,0,NA,0,0,3.765,0.14826,42.0275,6.37518,0.35,0.14826,0,0,NA,NA,NA,NA,NA,NA,NA,NA,NA,NA,NA,NA,NA,NA
"246","Kyle Pitts","ATL","TE","2565830","robust",NA,NA,NA,NA,NA,NA,0.0075,0.022239,0,0,0,0,0,NA,NA,NA,0,NA,0,0,3.2325,0.44478,42.35,5.1891,0.2,0.014826,0,0,NA,NA,NA,NA,NA,NA,NA,NA,NA,NA,"Q","Hamstring",6,2022
"247","Hayden Hurst","CIN","TE","2560747","robust",NA,NA,NA,NA,NA,NA,0.01,0.029652,0,0,0,0,0,NA,NA,NA,0,NA,0,0,3.55,0.29652,34.55,0.845082,0.3,0.14826,0,0,NA,NA,NA,NA,NA,NA,NA,NA,NA,NA,"Q","Groin",6,2022
"248","Irv Smith Jr.","MIN","TE","2562738","robust",NA,NA,NA,NA,NA,NA,0.005,0.014826,0,0,0,0,0,NA,NA,NA,0,NA,0,0,3.1,0.266868,33.985,3.157938,0.21,0.07413,0,0,NA,NA,NA,NA,NA,NA,NA,NA,NA,NA,NA,NA,NA,NA
"249","Hunter Henry","NE","TE","2555341","robust",NA,NA,NA,NA,NA,NA,0.0075,0.022239,0,0,0,0,0,NA,NA,NA,0,NA,0,0,2.59,0.177912,29.295,2.386986,0.2,0,0,0,NA,NA,NA,NA,NA,NA,NA,NA,NA,NA,NA,NA,NA,NA
"250","Evan Engram","JAC","TE","2557858","robust",NA,NA,NA,NA,NA,NA,0.445,0.378063,0.005,0.007413,0,0,0,NA,NA,NA,0,NA,0,0,3.49,0.59304,33.875,3.7065,0.15,0.059304,0,0,NA,NA,NA,NA,NA,NA,NA,NA,NA,NA,NA,NA,NA,NA
"251","Zach Gentry","PIT","TE","2562654","robust",NA,NA,NA,NA,NA,NA,0.0075,0.022239,0,0,0,0,0,NA,NA,NA,0,NA,0,0,2.4,0.0593040000000001,23.2,2.52042,0.105,0.014826,0,0,NA,NA,NA,NA,NA,NA,NA,NA,NA,NA,NA,NA,NA,NA
"252","John Bates","WAS","TE","2566580","robust",NA,NA,NA,NA,NA,NA,0.00875,0.0259455,0,0,0,0,0,NA,NA,NA,0,NA,0,0,2.23,0.59304,23.665,1.897728,0.1,0,0,0,NA,NA,NA,NA,NA,NA,NA,NA,NA,NA,NA,NA,NA,NA
"253","Tyler Conklin","NYJ","TE","2561027","robust",NA,NA,NA,NA,NA,NA,0.0233333333333333,0.017297,0,0,0,0,0,NA,NA,NA,0,NA,0,0,3.15,0.37065,31.6,4.52193,0.12,0.07413,0,0,NA,NA,NA,NA,NA,NA,NA,NA,NA,NA,NA,NA,NA,NA
"254","Mike Gesicki","MIA","TE","2560994","robust",NA,NA,NA,NA,NA,NA,0.005,0.014826,0,0,0,0,0,NA,NA,NA,0,NA,0,0,2.13,0.14826,25.3,2.59455,0.105,0.014826,0,0,NA,NA,NA,NA,NA,NA,NA,NA,NA,NA,NA,NA,NA,NA
"255","Will Dissly","SEA","TE","2561046","robust",NA,NA,NA,NA,NA,NA,0.0075,0.022239,0,0,0,0,0,NA,NA,NA,0,NA,0,0,2.25,0.340998,24.145,4.640538,0.2,0.118608,0,0,NA,NA,NA,NA,NA,NA,NA,NA,NA,NA,NA,NA,NA,NA
"256","Dawson Knox","BUF","TE","2562681","robust",NA,NA,NA,NA,NA,NA,0.0075,0.0111195,0,0,0.0125,0.0185325,0,NA,NA,NA,0,NA,0,0,2.95,0.14826,32.7,1.63086,0.26,0.059304,0,0,NA,NA,NA,NA,NA,NA,NA,NA,NA,NA,NA,NA,NA,NA
"257","Robert Tonyan","GB","TE","2559270","robust",NA,NA,NA,NA,NA,NA,0.005,0.014826,0,0,0,0,0,NA,NA,NA,0,NA,0,0,3.1,0.0148259999999997,32.325,1.571556,0.2375,0.133434,0,0,NA,NA,NA,NA,NA,NA,NA,NA,NA,NA,NA,NA,NA,NA
"258","Daniel Bellinger","NYG","TE","2567985","robust",NA,NA,NA,NA,NA,NA,0.405,0.318759,0.0333333333333333,0,0.0125,0.037065,0,NA,NA,NA,0,NA,0,0,2.6,0.14826,25.875,0.296519999999999,0.2125,0.059304,0,0,NA,NA,NA,NA,NA,NA,NA,NA,NA,NA,NA,NA,NA,NA
"259","Dalton Schultz","DAL","TE","2560866","robust",NA,NA,NA,NA,NA,NA,0.00875,0.0259455,0,0,0.05,0.07413,0,NA,NA,NA,0,NA,0,0,2.8,0.88956,25.85,8.59908,0.145,0.14826,0,0,NA,NA,NA,NA,NA,NA,NA,NA,NA,NA,NA,NA,NA,NA
"260","Cameron Brate","TB","TE","2550656","robust",NA,NA,NA,NA,NA,NA,0.0075,0.022239,0,0,0,0,0,NA,NA,NA,0,NA,0,0,2.5975,0.7413,27.165,9.681378,0.2,0,0,0,NA,NA,NA,NA,NA,NA,NA,NA,NA,NA,NA,NA,NA,NA
"261","Cole Kmet","CHI","TE","2563704","robust",NA,NA,NA,NA,NA,NA,0,0,0,0,0,0,0,NA,NA,NA,0,NA,0,0,2.73,0.148259999999999,29.06,2.905896,0.155,0.014826,0,0,NA,NA,NA,NA,NA,NA,NA,NA,NA,NA,NA,NA,NA,NA
"262","Juwan Johnson","NO","TE","2564676","robust",NA,NA,NA,NA,NA,NA,0.425,1.022994,0.0333333333333333,0,0,0,0,NA,NA,NA,0,NA,0,0,1.7175,0.44478,19.6,2.37216,0.1,0.014826,0,0,NA,NA,NA,NA,NA,NA,NA,NA,NA,NA,NA,NA,NA,NA
"263","Noah Fant","SEA","TE","2562383","robust",NA,NA,NA,NA,NA,NA,0.00875,0.0259455,0,0,0,0,0,NA,NA,NA,0,NA,0,0,2.825,0.207564,29.525,1.03782,0.1925,0,0,0,NA,NA,NA,NA,NA,NA,NA,NA,NA,NA,NA,NA,NA,NA
"264","Mo Alie-Cox","IND","TE","2558832","robust",NA,NA,NA,NA,NA,NA,0.00875,0.0259455,0,0,0,0,0,NA,NA,NA,0,NA,0,0,2.05,0.192738,25.815,2.37216,0.175,0.07413,0,0,NA,NA,NA,NA,NA,NA,NA,NA,NA,NA,NA,NA,NA,NA
"265","Eric Saubert","DEN","TE","2558023","robust",NA,NA,NA,NA,NA,NA,0.0075,0.022239,0,0,0,0,0,NA,NA,NA,0,NA,0,0,1.73,0.504084,18.1,8.258082,0.115,0.044478,0,0,NA,NA,NA,NA,NA,NA,NA,NA,NA,NA,"Q","Ankle",6,2022
"266","Adam Trautman","NO","TE","2564703","robust",NA,NA,NA,NA,NA,NA,0.0075,0.022239,0,0,0,0,0,NA,NA,NA,0,NA,0,0,1.955,0.207564,21.15,3.11346,0.125,0.044478,0,0,NA,NA,NA,NA,NA,NA,NA,NA,NA,NA,NA,NA,NA,NA
"267","Colby Parkinson","SEA","TE","2565180","robust",NA,NA,NA,NA,NA,NA,0.00375,0.00555975,0,0,0,0,0,NA,NA,NA,0,NA,0,0,1.05,0.407715,13.95,5.315121,0.1,0.029652,0,0,NA,NA,NA,NA,NA,NA,NA,NA,NA,NA,NA,NA,NA,NA
"268","Jonnu Smith","NE","TE","2558207","robust",NA,NA,NA,NA,NA,NA,0.6825,0.4707255,0,0,0,0,0,NA,NA,NA,0,NA,0,0,1.73,0.59304,17.09,8.30256,0.105,0.014826,0,0,NA,NA,NA,NA,NA,NA,NA,NA,NA,NA,"Q","Ankle",6,2022
"269","Albert Okwuegbunam","DEN","TE","2563911","robust",NA,NA,NA,NA,NA,NA,0,0,0,0,0,0,0,NA,NA,NA,0,NA,0,0,1.6,0.7413,13.91,6.656874,0.1,0.103782,0,0,NA,NA,NA,NA,NA,NA,NA,NA,NA,NA,NA,NA,NA,NA
"270","Jelani Woods","IND","TE","2567724","robust",NA,NA,NA,NA,NA,NA,0.0075,0.0111195,0,0,0,0,0,NA,NA,NA,0,NA,0,0,1.035,0.563388,11.45,4.440387,0.125,0.07413,0,0,NA,NA,NA,NA,NA,NA,NA,NA,NA,NA,NA,NA,NA,NA
"271","Connor Heyward","PIT","TE","2568138","robust",NA,NA,NA,NA,NA,NA,0.00625,0,0,0,0,0,0,NA,NA,NA,0,NA,0,0,1.8,0.0593040000000001,17.3,1.452948,0.08,0.014826,0,0,NA,NA,NA,NA,NA,NA,NA,NA,NA,NA,NA,NA,NA,NA
"272","Kylen Granson","IND","TE","2566145","robust",NA,NA,NA,NA,NA,NA,0.005,0.014826,0,0,0,0,0,NA,NA,NA,0,NA,0,0,2,0.14826,19.615,1.897728,0.1,0.014826,0,0,NA,NA,NA,NA,NA,NA,NA,NA,NA,NA,NA,NA,NA,NA
"273","Dan Arnold","JAC","TE","2559385","robust",NA,NA,NA,NA,NA,NA,0.00375,0,0,0,0,0,0,NA,NA,NA,0,NA,0,0,0.87,0.252042,10.63,4.047498,0.025,0,0,0,NA,NA,NA,NA,NA,NA,NA,NA,NA,NA,NA,NA,NA,NA
"274","Cade Otton","TB","TE","2568312","robust",NA,NA,NA,NA,NA,NA,0.0075,0.022239,0,0,0,0,0,NA,NA,NA,0,NA,0,0,1.4625,0.44478,15.675,4.15128,0.0825,0,0,0,NA,NA,NA,NA,NA,NA,NA,NA,NA,NA,NA,NA,NA,NA
"275","Isaiah Likely","BAL","TE","2567283","robust",NA,NA,NA,NA,NA,NA,0.005,0.014826,0,0,0,0,0,NA,NA,NA,0,NA,0,0,1.2875,0.37065,14.55,1.63086,0.085,0.029652,0,0,NA,NA,NA,NA,NA,NA,NA,NA,NA,NA,NA,NA,NA,NA
"276","Harrison Bryant","CLE","TE","2563767","robust",NA,NA,NA,NA,NA,NA,0.00625,0.0185325,0,0,0,0,0,NA,NA,NA,0,NA,0,0,1.7,0.14826,16.65,1.77912,0.1,0,0,0,NA,NA,NA,NA,NA,NA,NA,NA,NA,NA,NA,NA,NA,NA
"277","Cole Turner","WAS","TE","2568354","robust",NA,NA,NA,NA,NA,NA,0.105,0.0778365,0,0,0,0,0,NA,NA,NA,0,NA,0,0,1.2,0.29652,11,2.59455,0.1,0,0,0,NA,NA,NA,NA,NA,NA,NA,NA,NA,NA,NA,NA,NA,NA
"278","Ross Dwelley","SF","TE","2561060","robust",NA,NA,NA,NA,NA,NA,0,0,0,0,0,0,0,NA,NA,NA,0,NA,0,0,0.6,0.563388,9.7,11.1195,0.1,0.118608,0,0,NA,NA,NA,NA,NA,NA,NA,NA,NA,NA,NA,NA,NA,NA
"279","Ian Thomas","CAR","TE","2560894","robust",NA,NA,NA,NA,NA,NA,0.04,0.029652,0,0,0,0,0,NA,NA,NA,0,NA,0,0,1.225,0.44478,13.25,4.773972,0.0375,0,0,0,NA,NA,NA,NA,NA,NA,NA,NA,NA,NA,NA,NA,NA,NA
"280","Durham Smythe","MIA","TE","2560880","robust",NA,NA,NA,NA,NA,NA,0.29625,0.43922025,0.01875,0.02038575,0,0,0,NA,NA,NA,0,NA,0,0,1.315,0.318759,12.5,2.720571,0.07,0.014826,0,0,NA,NA,NA,NA,NA,NA,NA,NA,NA,NA,"Q","Hamstring",6,2022
"281","C.J. Uzomah","NYJ","TE","2552559","robust",NA,NA,NA,NA,NA,NA,0.01,0.029652,0,0,0,0,0,NA,NA,NA,0,NA,0,0,1.405,0.44478,13.7,2.52042,0.1,0,0,0,NA,NA,NA,NA,NA,NA,NA,NA,NA,NA,NA,NA,NA,NA
"282","Donald Parham","LAC","TE","2562394","robust",NA,NA,NA,NA,NA,NA,0.005,0.014826,0,0,0,0,0,NA,NA,NA,0,NA,0,0,1,0.0593040000000001,11.3,1.957032,0.1,0.07413,0,0,NA,NA,NA,NA,NA,NA,NA,NA,NA,NA,NA,NA,NA,NA
"283","Ryan Griffin","CHI","TE","2541316","robust",NA,NA,NA,NA,NA,NA,0.005,0.007413,0,0,0,0,0,NA,NA,NA,0,NA,0,0,0.9,0.14826,9.3,3.40998,0.1,0,0,0,NA,NA,NA,NA,NA,NA,NA,NA,NA,NA,NA,NA,NA,NA
"284","Taysom Hill","NO","TE","2558954","robust",NA,NA,NA,NA,NA,NA,29.005,0,0.322368578043462,0,0.1875,0.2038575,0,NA,NA,NA,0,NA,0,0,0.8,0.44478,10.7,5.1891,0.05,0.029652,0,0,NA,NA,NA,NA,NA,NA,NA,NA,NA,NA,NA,NA,NA,NA
"285","Jake Ferguson","DAL","TE","2567496","robust",NA,NA,NA,NA,NA,NA,0,0,0,0,0,0,0,NA,NA,NA,0,NA,0,0,1.2,0.0889560000000001,10,4.4478,0.03,0,0,0,NA,NA,NA,NA,NA,NA,NA,NA,NA,NA,NA,NA,NA,NA
"286","Josiah Deguara","GB","TE","2563980","robust",NA,NA,NA,NA,NA,NA,0.0075,0.0111195,0,0,0,0,0,NA,NA,NA,0,NA,0,0,0.79,0.0815430000000001,8.77,1.55673,0.08,0.022239,0,0,NA,NA,NA,NA,NA,NA,NA,NA,NA,NA,NA,NA,NA,NA
"287","Marcedes Lewis","GB","TE","2495888","robust",NA,NA,NA,NA,NA,NA,0.01375,0.02038575,0,0,0,0,0,NA,NA,NA,0,NA,0,0,0.85,0.103782,8,1.401057,0.07,0.029652,0,0,NA,NA,NA,NA,NA,NA,NA,NA,NA,NA,NA,NA,NA,NA
"288","Parker Hesse","ATL","TE","2563272","robust",NA,NA,NA,NA,NA,NA,0.005,0.014826,0,0,0,0,0,NA,NA,NA,0,NA,0,0,1.05,0.14826,9.7,1.03782,0.05,0.07413,0,0,NA,NA,NA,NA,NA,NA,NA,NA,NA,NA,NA,NA,NA,NA
"289","Quintin Morris","BUF","TE","2566641","robust",NA,NA,NA,NA,NA,NA,0.035,0.029652,0,0,0.0125,0.0185325,0,NA,NA,NA,0,NA,0,0,1.05,0.340998,10.5,3.128286,0.09,0.00741300000000001,0,0,NA,NA,NA,NA,NA,NA,NA,NA,NA,NA,NA,NA,NA,NA
"290","Tommy Tremble","CAR","TE","2565914","robust",NA,NA,NA,NA,NA,NA,0.045,0.133434,0,0,0,0,0,NA,NA,NA,0,NA,0,0,1.16,0.192738,11.2575,1.92738,0.05,0.07413,0,0,NA,NA,NA,NA,NA,NA,NA,NA,NA,NA,NA,NA,NA,NA
"291","Tyler Kroft","SF","TE","2552586","robust",NA,NA,NA,NA,NA,NA,0,0,0,0,0,0,0,NA,NA,NA,0,NA,0,0,0.95,0,10.5,0,0.06,0,0,0,NA,NA,NA,NA,NA,NA,NA,NA,NA,NA,"Q","Knee - MCL",6,2022
"292","Greg Dulcich","DEN","TE","2567520","robust",NA,NA,NA,NA,NA,NA,0,0,0,0,0,0,0,NA,NA,NA,0,NA,0,0,0.9,0.14826,9.3,2.00151,0.1,0,0,0,NA,NA,NA,NA,NA,NA,NA,NA,NA,NA,NA,"Hamstring",6,2022
"293","Pharaoh Brown","CLE","TE","2559018","robust",NA,NA,NA,NA,NA,NA,0.015,0.022239,0,0,0,0,0,NA,NA,NA,0,NA,0,0,0.87,0,9.365,0,0.02,0,0,0,NA,NA,NA,NA,NA,NA,NA,NA,NA,NA,NA,NA,NA,NA
"294","Tanner Hudson","NYG","TE","2561215","robust",NA,NA,NA,NA,NA,NA,0,0,0,0,0,0,0,NA,NA,NA,0,NA,0,0,1.05,0.14826,11,0,0.0525,0.066717,0,0,NA,NA,NA,NA,NA,NA,NA,NA,NA,NA,"Q","Illness",6,2022
"295","Tre' McKitty","LAC","TE","2566490","robust",NA,NA,NA,NA,NA,NA,0.005,0,0,0,0,0,0,NA,NA,NA,0,NA,0,0,0.9,0.14826,8.67,2.060814,0.065,0.044478,0,0,NA,NA,NA,NA,NA,NA,NA,NA,NA,NA,NA,NA,NA,NA
"296","Noah Gray","KC","TE","2566178","robust",NA,NA,NA,NA,NA,NA,0.00375,0.0111195,0.0333333333333333,0,0,0,0,NA,NA,NA,0,NA,0,0,0.9075,0.029652,8.9825,1.26021,0.065,0.029652,0,0,NA,NA,NA,NA,NA,NA,NA,NA,NA,NA,NA,NA,NA,NA
"297","Jody Fortson","KC","TE","2563259","robust",NA,NA,NA,NA,NA,NA,0.0333333333333333,0.04942,0,0,0,0,0,NA,NA,NA,0,NA,0,0,0.86,0.29652,7.45,2.81694,0.1,0,0,0,NA,NA,NA,NA,NA,NA,NA,NA,NA,NA,NA,NA,NA,NA
"298","Trey McBride","ARI","TE","2568117","robust",NA,NA,NA,NA,NA,NA,0.01875,0.02779875,0,0,0,0,0,NA,NA,NA,0,NA,0,0,0.85,0.22239,9.39,0.726474000000002,0.05,0.066717,0,0,NA,NA,NA,NA,NA,NA,NA,NA,NA,NA,NA,NA,NA,NA
"299","Reggie Gilliam","BUF","TE","2565378","robust",NA,NA,NA,NA,NA,NA,0,0,0,0,0,0,NA,NA,NA,NA,NA,NA,0,0,0.87,0.340998,8.095,3.120873,0.125,0.111195,0,0,NA,NA,NA,NA,NA,NA,NA,NA,NA,NA,NA,NA,NA,NA
"300","Tyler Davis","GB","TE","2564178","robust",NA,NA,NA,NA,NA,NA,0.01,0.009884,0,0,0,0,0,NA,NA,NA,0,NA,0,0,0.6875,0.37065,6.085,3.098634,0.0525,0.037065,0,0,NA,NA,NA,NA,NA,NA,NA,NA,NA,NA,NA,NA,NA,NA
"301","Johnny Mundt","MIN","TE","2558875","robust",NA,NA,NA,NA,NA,NA,0.0075,0,0,0,0,0,0,NA,NA,NA,0,NA,0,0,0.85,0.133434,8.56,1.304688,0.06,0.059304,0,0,NA,NA,NA,NA,NA,NA,NA,NA,NA,NA,NA,NA,NA,NA
"302","Kendall Blanton","LAR","TE","2562234","robust",NA,NA,NA,NA,NA,NA,0,0,0,0,0,0,0,NA,NA,NA,0,NA,0,0,0.65,0.14826,7.9,0.148259999999999,0.01,0,0,0,NA,NA,NA,NA,NA,NA,NA,NA,NA,NA,NA,NA,NA,NA
"303","Andrew Beck","DEN","TE","2562626","robust",NA,NA,NA,NA,NA,NA,0,0,0,0,0,0,0,NA,NA,NA,0,NA,0,0,0.65,0,7.575,0.148259999999999,0.1,0,0,0,NA,NA,NA,NA,NA,NA,NA,NA,NA,NA,NA,NA,NA,NA
"304","Anthony Firkser","ATL","TE","2558942","robust",NA,NA,NA,NA,NA,NA,0.005,0,0,0,0,0,0,NA,NA,NA,0,NA,0,0,0.855,0.14826,8.325,0,0.05,0.07413,0,0,NA,NA,NA,NA,NA,NA,NA,NA,NA,NA,NA,NA,NA,NA
"305","Nick Vannett","NO","TE","2555289","robust",NA,NA,NA,NA,NA,NA,0,0,0,0,0,0,0,NA,NA,NA,0,NA,0,0,0.6,0,5.2,0,0.1,0,0,0,NA,NA,NA,NA,NA,NA,NA,NA,NA,NA,NA,NA,NA,NA
"306","Kyle Rudolph","TB","TE","2495438","robust",NA,NA,NA,NA,NA,NA,0,0,0,0,0,0,0,NA,NA,NA,0,NA,0,0,0.4375,0.22239,5.445,3.736152,0.005,0,0,0,NA,NA,NA,NA,NA,NA,NA,NA,NA,NA,NA,NA,NA,NA
"307","Steelers","PIT","DST","100027","robust",NA,NA,NA,NA,NA,NA,NA,NA,NA,NA,NA,NA,NA,NA,NA,NA,NA,NA,NA,NA,NA,NA,NA,NA,NA,NA,NA,NA,0.81,0.163086,1.79,0.133434,0.01,0.014826,0.12,0.029652,0,NA,NA,NA,NA,NA
"308","Jets","NYJ","DST","100024","robust",NA,NA,NA,NA,NA,NA,NA,NA,NA,NA,NA,NA,NA,NA,NA,NA,NA,NA,NA,NA,NA,NA,NA,NA,NA,NA,NA,NA,0.6,0.29652,2.04,0.281694,0.0733333333333333,0.039536,0.115,0,0,NA,NA,NA,NA,NA
"309","Seahawks","SEA","DST","100030","robust",NA,NA,NA,NA,NA,NA,NA,NA,NA,NA,NA,NA,NA,NA,NA,NA,NA,NA,NA,NA,NA,NA,NA,NA,NA,NA,NA,NA,0.7,0.044478,1.9,0.177912,0.0133333333333333,0.019768,0.14,0.059304,0,NA,NA,NA,NA,NA
"310","Chiefs","KC","DST","100016","robust",NA,NA,NA,NA,NA,NA,NA,NA,NA,NA,NA,NA,NA,NA,NA,NA,NA,NA,NA,NA,NA,NA,NA,NA,NA,NA,NA,NA,0.895,0.044478,1.875,0.0741299999999997,0.01,0.014826,0.16,0.059304,0,NA,NA,NA,NA,NA
"311","Panthers","CAR","DST","100004","robust",NA,NA,NA,NA,NA,NA,NA,NA,NA,NA,NA,NA,NA,NA,NA,NA,NA,NA,NA,NA,NA,NA,NA,NA,NA,NA,NA,NA,0.83,0.207564,2.335,0.207564,0.01,0.014826,0.2,0.088956,0,NA,NA,NA,NA,NA
"312","Cardinals","ARI","DST","100026","robust",NA,NA,NA,NA,NA,NA,NA,NA,NA,NA,NA,NA,NA,NA,NA,NA,NA,NA,NA,NA,NA,NA,NA,NA,NA,NA,NA,NA,0.66,0.29652,2.265,0.14826,0.0133333333333333,0.019768,0.15,0.059304,0,NA,NA,NA,NA,NA
"313","Jaguars","JAC","DST","100015","robust",NA,NA,NA,NA,NA,NA,NA,NA,NA,NA,NA,NA,NA,NA,NA,NA,NA,NA,NA,NA,NA,NA,NA,NA,NA,NA,NA,NA,0.95,0.22239,2.645,0.29652,0.0133333333333333,0.019768,0.185,0,0,NA,NA,NA,NA,NA
"314","Giants","NYG","DST","100023","robust",NA,NA,NA,NA,NA,NA,NA,NA,NA,NA,NA,NA,NA,NA,NA,NA,NA,NA,NA,NA,NA,NA,NA,NA,NA,NA,NA,NA,0.85,0.0593040000000001,2.5,0.44478,0.0133333333333333,0.019768,0.12,0.059304,0,NA,NA,NA,NA,NA
"315","Bills","BUF","DST","100003","robust",NA,NA,NA,NA,NA,NA,NA,NA,NA,NA,NA,NA,NA,NA,NA,NA,NA,NA,NA,NA,NA,NA,NA,NA,NA,NA,NA,NA,0.8,0.014826,2.3,0.192738,0.0433333333333333,0.019768,0.14,0.059304,0,NA,NA,NA,NA,NA
"316","Chargers","LAC","DST","100028","robust",NA,NA,NA,NA,NA,NA,NA,NA,NA,NA,NA,NA,NA,NA,NA,NA,NA,NA,NA,NA,NA,NA,NA,NA,NA,NA,NA,NA,0.825,0.14826,2.51,0.0444779999999997,0.05,0,0.18,0.029652,0,NA,NA,NA,NA,NA
"317","Broncos","DEN","DST","100009","robust",NA,NA,NA,NA,NA,NA,NA,NA,NA,NA,NA,NA,NA,NA,NA,NA,NA,NA,NA,NA,NA,NA,NA,NA,NA,NA,NA,NA,0.72,0.0593040000000001,2.1,0.14826,0.04,0.029652,0.125,0.07413,0,NA,NA,NA,NA,NA
"318","Falcons","ATL","DST","100001","robust",NA,NA,NA,NA,NA,NA,NA,NA,NA,NA,NA,NA,NA,NA,NA,NA,NA,NA,NA,NA,NA,NA,NA,NA,NA,NA,NA,NA,0.795,0.014826,1.525,0.340998,0.0433333333333333,0.019768,0.175,0,0,NA,NA,NA,NA,NA
"319","Cowboys","DAL","DST","100008","robust",NA,NA,NA,NA,NA,NA,NA,NA,NA,NA,NA,NA,NA,NA,NA,NA,NA,NA,NA,NA,NA,NA,NA,NA,NA,NA,NA,NA,0.91,0.177912,2.505,0.0889560000000001,0.01,0.014826,0.15,0.07413,0,NA,NA,NA,NA,NA
"320","Dolphins","MIA","DST","100019","robust",NA,NA,NA,NA,NA,NA,NA,NA,NA,NA,NA,NA,NA,NA,NA,NA,NA,NA,NA,NA,NA,NA,NA,NA,NA,NA,NA,NA,0.74,0.118608,2.25,0.222390000000001,0.01,0.014826,0.175,0.059304,0,NA,NA,NA,NA,NA
"321","Saints","NO","DST","100022","robust",NA,NA,NA,NA,NA,NA,NA,NA,NA,NA,NA,NA,NA,NA,NA,NA,NA,NA,NA,NA,NA,NA,NA,NA,NA,NA,NA,NA,0.78,0.029652,2.87,0.459606,0.0166666666666667,0.02471,0.16,0.059304,0,NA,NA,NA,NA,NA
"322","Commanders","WAS","DST","100032","robust",NA,NA,NA,NA,NA,NA,NA,NA,NA,NA,NA,NA,NA,NA,NA,NA,NA,NA,NA,NA,NA,NA,NA,NA,NA,NA,NA,NA,1.04,0.652344,3.3,0.14826,0.0833333333333333,0.04942,0.2,0.07413,0,NA,NA,NA,NA,NA
"323","Vikings","MIN","DST","100020","robust",NA,NA,NA,NA,NA,NA,NA,NA,NA,NA,NA,NA,NA,NA,NA,NA,NA,NA,NA,NA,NA,NA,NA,NA,NA,NA,NA,NA,0.85,0.029652,2.5,0.118608,0.01,0.014826,0.17,0.044478,0,NA,NA,NA,NA,NA
"324","Patriots","NE","DST","100021","robust",NA,NA,NA,NA,NA,NA,NA,NA,NA,NA,NA,NA,NA,NA,NA,NA,NA,NA,NA,NA,NA,NA,NA,NA,NA,NA,NA,NA,0.8,0.177912,2.1,0.29652,0.01,0.014826,0.18,0.059304,0,NA,NA,NA,NA,NA
"325","Bengals","CIN","DST","100006","robust",NA,NA,NA,NA,NA,NA,NA,NA,NA,NA,NA,NA,NA,NA,NA,NA,NA,NA,NA,NA,NA,NA,NA,NA,NA,NA,NA,NA,1.1,0.177912,2.45,0.0593039999999994,0.0133333333333333,0.019768,0.17,0.029652,0,NA,NA,NA,NA,NA
"326","Browns","CLE","DST","100007","robust",NA,NA,NA,NA,NA,NA,NA,NA,NA,NA,NA,NA,NA,NA,NA,NA,NA,NA,NA,NA,NA,NA,NA,NA,NA,NA,NA,NA,0.95,0.237216,2,0.029652,0.0133333333333333,0.019768,0.15,0.07413,0,NA,NA,NA,NA,NA
"327","Bears","CHI","DST","100005","robust",NA,NA,NA,NA,NA,NA,NA,NA,NA,NA,NA,NA,NA,NA,NA,NA,NA,NA,NA,NA,NA,NA,NA,NA,NA,NA,NA,NA,0.9,0.14826,2.95,0.415128,0.0866666666666667,0.019768,0.15,0.07413,0,NA,NA,NA,NA,NA
"328","Eagles","PHI","DST","100025","robust",NA,NA,NA,NA,NA,NA,NA,NA,NA,NA,NA,NA,NA,NA,NA,NA,NA,NA,NA,NA,NA,NA,NA,NA,NA,NA,NA,NA,0.745,0.14826,2.445,0.0148260000000003,0.0133333333333333,0.019768,0.2,0,0,NA,NA,NA,NA,NA
"329","Ravens","BAL","DST","100002","robust",NA,NA,NA,NA,NA,NA,NA,NA,NA,NA,NA,NA,NA,NA,NA,NA,NA,NA,NA,NA,NA,NA,NA,NA,NA,NA,NA,NA,0.825,0.14826,2.475,0.14826,0.0133333333333333,0.019768,0.195,0,0,NA,NA,NA,NA,NA
"330","Colts","IND","DST","100014","robust",NA,NA,NA,NA,NA,NA,NA,NA,NA,NA,NA,NA,NA,NA,NA,NA,NA,NA,NA,NA,NA,NA,NA,NA,NA,NA,NA,NA,0.9,0.014826,1.915,0.22239,0.0433333333333333,0.019768,0.18,0.014826,0,NA,NA,NA,NA,NA
"331","49ers","SF","DST","100029","robust",NA,NA,NA,NA,NA,NA,NA,NA,NA,NA,NA,NA,NA,NA,NA,NA,NA,NA,NA,NA,NA,NA,NA,NA,NA,NA,NA,NA,0.935,0.237216,3.15,0.37065,0.0433333333333333,0.019768,0.18,0.029652,0,NA,NA,NA,NA,NA
"332","Packers","GB","DST","100011","robust",NA,NA,NA,NA,NA,NA,NA,NA,NA,NA,NA,NA,NA,NA,NA,NA,NA,NA,NA,NA,NA,NA,NA,NA,NA,NA,NA,NA,0.9,0.14826,3.35,0.44478,0.06,0.029652,0.18,0.014826,0,NA,NA,NA,NA,NA
"333","Buccaneers","TB","DST","100031","robust",NA,NA,NA,NA,NA,NA,NA,NA,NA,NA,NA,NA,NA,NA,NA,NA,NA,NA,NA,NA,NA,NA,NA,NA,NA,NA,NA,NA,1.175,0.0741300000000001,2.6,0.14826,0.01,0.014826,0.2,0.044478,0,NA,NA,NA,NA,NA
"334","Rams","LAR","DST","100017","robust",NA,NA,NA,NA,NA,NA,NA,NA,NA,NA,NA,NA,NA,NA,NA,NA,NA,NA,NA,NA,NA,NA,NA,NA,NA,NA,NA,NA,1.15,0,3.205,0.148259999999999,0.02,0.029652,0.18,0.029652,0,NA,NA,NA,NA,NA
