Rank,Name,Team,Position,Week,Opponent,UpcomingOpponentRank,UpcomingOpponentPositionRank,FantasyPointsDraftKings,FantasyPointsPerDollarRatioDraftKings,ProjectedOwnershipPercentage,Operator,OperatorSalary
1,Joshua Kelley,LAC,RB,2,TEN,23,2,11.75,2.35,23,DraftKings,5000
2,Stefon Diggs,BUF,WR,2,LV,16,19,18.82,2.35,20,DraftKings,8000
3,Davante Adams,LV,WR,2,BUF,10,9,17.42,2.29,19,DraftKings,7600
3,Amon-Ra St. Brown,DET,WR,2,SEA,29,25,17.03,2.18,19,DraftKings,7800
3,Calvin Ridley,JAX,WR,2,KC,20,23,15.98,2.22,19,DraftKings,7200
6,Ja'Marr Chase,CIN,WR,2,BAL,7,18,19.08,2.42,18,DraftKings,7900
7,Christian McCaffrey,SF,RB,2,LAR,4,12,20.22,2.27,17,DraftKings,8900
7,Keenan Allen,LAC,WR,2,TEN,23,31,16.66,2.35,17,DraftKings,7100
9,AJ Dillon,GB,RB,2,ATL,6,18,13.53,2.29,16,DraftKings,5900
10,Josh Allen,BUF,QB,2,LV,16,20,23.88,3.02,15,DraftKings,7900
10,Josh Jacobs,LV,RB,2,BUF,10,25,15.94,2.25,15,DraftKings,7100
12,James Conner,ARI,RB,2,NYG,18,26,13.94,2.25,14,DraftKings,6200
12,James Cook,BUF,RB,2,LV,16,15,13.31,2.18,14,DraftKings,6100
12,Luke Musgrave,GB,TE,2,ATL,6,29,7.84,2.45,14,DraftKings,3200
12,Puka Nacua,LAR,WR,2,SF,5,14,11.38,2.32,14,DraftKings,4900
16,Travis Kelce,KC,TE,2,JAX,9,23,17.49,2.3,13,DraftKings,7600
16,Brandon Aiyuk,SF,WR,2,LAR,4,7,13.77,2.37,13,DraftKings,5800
16,David Montgomery,DET,RB,2,SEA,29,28,13.21,2.28,13,DraftKings,5800
19,Mike Williams,LAC,WR,2,TEN,23,31,14.25,2.5,12,DraftKings,5700
19,Deebo Samuel,SF,WR,2,LAR,4,7,13.64,2.44,12,DraftKings,5600
19,Rachaad White,TB,RB,2,CHI,30,30,12.89,2.34,12,DraftKings,5500
22,Lamar Jackson,BAL,QB,2,CIN,21,27,20.31,2.64,11,DraftKings,7700
22,Joe Mixon,CIN,RB,2,BAL,7,7,15.02,2.31,11,DraftKings,6500
22,Tony Pollard,DAL,RB,2,NYJ,13,13,16.26,2.17,11,DraftKings,7500
22,Arizona Cardinals,ARI,DST,2,NYG,null,null,5.8,2.23,11,DraftKings,2600
26,Tee Higgins,CIN,WR,2,BAL,7,18,13.92,2.18,10,DraftKings,6400
26,Zay Jones,JAX,WR,2,KC,20,23,11.01,2.34,10,DraftKings,4700
26,Zay Flowers,BAL,WR,2,CIN,21,5,11.54,2.31,10,DraftKings,5000
29,Derrick Henry,TEN,RB,2,LAC,32,20,17.12,2.31,9,DraftKings,7400
29,Trevor Lawrence,JAX,QB,2,KC,20,15,19.35,2.89,9,DraftKings,6700
29,Kenneth Walker III,SEA,RB,2,DET,22,11,13.79,2.38,9,DraftKings,5800
29,Travis Etienne Jr.,JAX,RB,2,KC,20,22,14.08,2.04,9,DraftKings,6900
29,Nico Collins,HOU,WR,2,IND,26,27,10.8,2.25,9,DraftKings,4800
29,Jayden Reed,GB,WR,2,ATL,6,4,9.3,2.74,9,DraftKings,3400
35,Patrick Mahomes,KC,QB,2,JAX,9,29,23.21,2.8,8,DraftKings,8300
35,Joe Burrow,CIN,QB,2,BAL,7,12,19.76,2.86,8,DraftKings,6900
35,Saquon Barkley,NYG,RB,2,ARI,11,16,16.6,2.08,8,DraftKings,8000
35,Mike Evans,TB,WR,2,CHI,30,22,12.89,2.08,8,DraftKings,6200
35,Dameon Pierce,HOU,RB,2,IND,26,23,12.53,2.24,8,DraftKings,5600
35,Dallas Cowboys,DAL,DST,2,NYJ,null,null,9.2,2.3,8,DraftKings,4000
35,Tampa Bay Buccaneers,TB,DST,2,CHI,null,null,8.4,2.62,8,DraftKings,3200
35,Chigoziem Okonkwo,TEN,TE,2,LAC,32,13,7.52,2.28,8,DraftKings,3300
43,CeeDee Lamb,DAL,WR,2,NYJ,13,21,16.38,2.13,7,DraftKings,7700
43,Justin Herbert,LAC,QB,2,TEN,23,18,20.07,2.87,7,DraftKings,7000
43,Chris Godwin,TB,WR,2,CHI,30,22,13.06,2.18,7,DraftKings,6000
43,Michael Pittman Jr.,IND,WR,2,HOU,12,13,13.04,2.07,7,DraftKings,6300
43,Mark Andrews,BAL,TE,2,CIN,21,28,12.6,2,7,DraftKings,6300
43,Bijan Robinson,ATL,RB,2,GB,19,24,15.62,1.98,7,DraftKings,7900
49,Tyler Lockett,SEA,WR,2,DET,22,17,12.45,2.04,6,DraftKings,6100
49,Zach Ertz,ARI,TE,2,NYG,18,5,7.77,2.22,6,DraftKings,3500
49,Drake London,ATL,WR,2,GB,19,12,11.18,2.24,6,DraftKings,5000
49,New York Jets,NYJ,DST,2,DAL,null,null,6.2,2.3,6,DraftKings,2700
49,Tennessee Titans,TEN,DST,2,LAC,null,null,5.3,2.21,6,DraftKings,2400
49,Jake Ferguson,DAL,TE,2,NYJ,13,19,7.92,2.4,6,DraftKings,3300
49,Dalton Kincaid,BUF,TE,2,LV,16,21,8.17,2.48,6,DraftKings,3300
56,Geno Smith,SEA,QB,2,DET,22,25,17.65,2.99,5,DraftKings,5900
56,Jared Goff,DET,QB,2,SEA,29,16,18.04,2.91,5,DraftKings,6200
56,DeAndre Hopkins,TEN,WR,2,LAC,32,32,13.17,1.97,5,DraftKings,6700
56,DK Metcalf,SEA,WR,2,DET,22,17,13.76,1.97,5,DraftKings,7000
56,Brock Purdy,SF,QB,2,LAR,4,11,17.05,2.99,5,DraftKings,5700
56,Javonte Williams,DEN,RB,2,WAS,3,4,12.04,2.15,5,DraftKings,5600
56,Brian Robinson Jr.,WAS,RB,2,DEN,14,6,10.54,2.03,5,DraftKings,5200
56,Dawson Knox,BUF,TE,2,LV,16,21,7.37,2.38,5,DraftKings,3100
56,Romeo Doubs,GB,WR,2,ATL,6,4,10.9,2.27,5,DraftKings,4800
56,Baltimore Ravens,BAL,DST,2,CIN,null,null,5.9,2.11,5,DraftKings,2800
56,Josh Reynolds,DET,WR,2,SEA,29,25,9.15,2.47,5,DraftKings,3700
56,Washington Commanders,WAS,DST,2,DEN,null,null,8,2.58,5,DraftKings,3100
56,Detroit Lions,DET,DST,2,SEA,null,null,6,2,5,DraftKings,3000
56,Adam Trautman,DEN,TE,2,WAS,3,13,6.57,2.19,5,DraftKings,3000
56,Anthony Richardson,IND,QB,2,HOU,12,6,18.46,2.93,5,DraftKings,6300
71,Daniel Jones,NYG,QB,2,ARI,11,20,17.96,2.99,4,DraftKings,6000
71,Christian Kirk,JAX,WR,2,KC,20,23,10.59,2.08,4,DraftKings,5100
71,Evan Engram,JAX,TE,2,KC,20,21,10.23,2.13,4,DraftKings,4800
71,Jahan Dotson,WAS,WR,2,DEN,14,26,10.42,2.13,4,DraftKings,4900
71,San Francisco 49ers,SF,DST,2,LAR,null,null,8,1.95,4,DraftKings,4100
71,Kansas City Chiefs,KC,DST,2,JAX,null,null,5.4,1.74,4,DraftKings,3100
71,Van Jefferson,LAR,WR,2,SF,5,14,8.32,1.93,4,DraftKings,4300
71,Irv Smith Jr.,CIN,TE,2,BAL,7,6,7.65,2.39,4,DraftKings,3200
71,Los Angeles Rams,LAR,DST,2,SF,null,null,4.9,2.13,4,DraftKings,2300
71,Atlanta Falcons,ATL,DST,2,GB,null,null,6.8,2.34,4,DraftKings,2900
71,Jahmyr Gibbs,DET,RB,2,SEA,29,28,11.76,1.87,4,DraftKings,6300
71,Sam LaPorta,DET,TE,2,SEA,29,26,8.62,2.21,4,DraftKings,3900
83,Breece Hall,NYJ,RB,2,DAL,1,7,11.27,1.91,3,DraftKings,5900
83,Dalvin Cook,NYJ,RB,2,DAL,1,7,8.8,1.47,3,DraftKings,6000
83,Ryan Tannehill,TEN,QB,2,LAC,32,32,15.19,3.04,3,DraftKings,5000
83,George Kittle,SF,TE,2,LAR,4,11,11.25,2.12,3,DraftKings,5300
83,Gabe Davis,BUF,WR,2,LV,16,19,11.64,2.01,3,DraftKings,5800
83,DJ Moore,CHI,WR,2,TB,24,28,11.42,2.08,3,DraftKings,5500
83,Baker Mayfield,TB,QB,2,CHI,30,30,15.86,3.11,3,DraftKings,5100
83,Dalton Schultz,HOU,TE,2,IND,26,17,8.68,2.17,3,DraftKings,4000
83,Tyler Allgeier,ATL,RB,2,GB,19,24,9.98,1.81,3,DraftKings,5500
83,Tyler Boyd,CIN,WR,2,BAL,7,18,9.38,2.47,3,DraftKings,3800
83,Isiah Pacheco,KC,RB,2,JAX,9,1,11.59,2.03,3,DraftKings,5700
83,Treylon Burks,TEN,WR,2,LAC,32,32,10.14,2.25,3,DraftKings,4500
83,Buffalo Bills,BUF,DST,2,LV,null,null,7.5,2.03,3,DraftKings,3700
83,Darnell Mooney,CHI,WR,2,TB,24,28,8.41,1.91,3,DraftKings,4400
83,Kyle Pitts,ATL,TE,2,GB,19,13,9.76,2.32,3,DraftKings,4200
83,Jacksonville Jaguars,JAX,DST,2,KC,null,null,4.8,1.92,3,DraftKings,2500
83,Cincinnati Bengals,CIN,DST,2,BAL,null,null,7.5,2.27,3,DraftKings,3300
83,Indianapolis Colts,IND,DST,2,HOU,null,null,6.6,1.94,3,DraftKings,3400
83,Houston Texans,HOU,DST,2,IND,null,null,7.9,2.19,3,DraftKings,3600
83,Logan Thomas,WAS,TE,2,DEN,14,9,7.57,2.44,3,DraftKings,3100
83,Tutu Atwell,LAR,WR,2,SF,5,14,9.24,1.97,3,DraftKings,4700
83,Las Vegas Raiders,LV,DST,2,BUF,null,null,5.3,2.41,3,DraftKings,2200
83,Chicago Bears,CHI,DST,2,TB,null,null,7,2.5,3,DraftKings,2800
83,Jordan Love,GB,QB,2,ATL,6,7,15.68,2.85,3,DraftKings,5500
83,Jaxon Smith-Njigba,SEA,WR,2,DET,22,17,9.56,2.12,3,DraftKings,4500
83,Michael Wilson,ARI,WR,2,NYG,18,16,5.38,1.63,3,DraftKings,3300
109,Justin Fields,CHI,QB,2,TB,24,22,19.05,2.51,2,DraftKings,7600
109,Russell Wilson,DEN,QB,2,WAS,3,1,16.22,2.8,2,DraftKings,5800
109,Jimmy Garoppolo,LV,QB,2,BUF,10,9,14.46,2.73,2,DraftKings,5300
109,Marquise Brown,ARI,WR,2,NYG,18,16,10.76,2.2,2,DraftKings,4900
109,Garrett Wilson,NYJ,WR,2,DAL,1,1,13.5,1.8,2,DraftKings,7500
109,Courtland Sutton,DEN,WR,2,WAS,3,6,9.97,1.85,2,DraftKings,5400
109,Jerick McKinnon,KC,RB,2,JAX,9,1,7.35,1.6,2,DraftKings,4600
109,Darren Waller,NYG,TE,2,ARI,11,24,11.08,2.01,2,DraftKings,5500
109,Tyler Higbee,LAR,TE,2,SF,5,27,9.03,1.96,2,DraftKings,4600
109,Parris Campbell,NYG,WR,2,ARI,11,8,6.83,1.95,2,DraftKings,3500
109,Cole Kmet,CHI,TE,2,TB,24,25,7.89,1.79,2,DraftKings,4400
109,Hunter Renfrow,LV,WR,2,BUF,10,9,8.04,2.06,2,DraftKings,3900
109,Marquez Valdes-Scantling,KC,WR,2,JAX,9,15,7.44,1.65,2,DraftKings,4500
109,Marvin Jones Jr.,DET,WR,2,SEA,29,25,6.73,1.87,2,DraftKings,3600
109,Green Bay Packers,GB,DST,2,ATL,null,null,6.3,2.1,2,DraftKings,3000
109,Los Angeles Chargers,LAC,DST,2,TEN,null,null,6.6,1.89,2,DraftKings,3500
109,Denver Broncos,DEN,DST,2,WAS,null,null,8,2.05,2,DraftKings,3900
109,Austin Hooper,LV,TE,2,BUF,10,3,5.96,2.13,2,DraftKings,2800
109,New York Giants,NYG,DST,2,ARI,null,null,7.7,2.03,2,DraftKings,3800
109,Zack Moss,IND,RB,2,HOU,12,29,9.42,2,2,DraftKings,4700
109,Kylen Granson,IND,TE,2,HOU,12,4,4.42,1.47,2,DraftKings,3000
109,Skyy Moore,KC,WR,2,JAX,9,15,7.89,1.92,2,DraftKings,4100
109,Kyren Williams,LAR,RB,2,SF,5,3,8.4,1.68,2,DraftKings,5000
109,Deonte Harty,BUF,WR,2,LV,16,19,4.85,1.47,2,DraftKings,3300
109,C.J. Stroud,HOU,QB,2,IND,26,24,14.19,2.73,2,DraftKings,5200
134,Dak Prescott,DAL,QB,2,NYJ,13,10,16.5,2.5,1,DraftKings,6600
134,Sam Howell,WAS,QB,2,DEN,14,19,14.46,2.68,1,DraftKings,5400
134,Jerry Jeudy,DEN,WR,2,WAS,3,6,11.96,1.81,1,DraftKings,6600
134,Terry McLaurin,WAS,WR,2,DEN,14,26,11.34,1.99,1,DraftKings,5700
134,Matthew Stafford,LAR,QB,2,SF,5,12,14.59,2.61,1,DraftKings,5600
134,Zach Wilson,NYJ,QB,2,DAL,1,4,12.69,2.59,1,DraftKings,4900
134,Joshua Dobbs,ARI,QB,2,NYG,18,5,12.7,2.54,1,DraftKings,5000
134,Allen Lazard,NYJ,WR,2,DAL,1,1,8.15,1.51,1,DraftKings,5400
134,Rondale Moore,ARI,WR,2,NYG,18,16,8.67,2.17,1,DraftKings,4000
134,Joshua Palmer,LAC,WR,2,TEN,23,31,6.87,2.02,1,DraftKings,3400
134,Curtis Samuel,WAS,WR,2,DEN,14,26,8.77,2.19,1,DraftKings,4000
134,Desmond Ridder,ATL,QB,2,GB,19,17,12.81,2.56,1,DraftKings,5000
134,Gerald Everett,LAC,TE,2,TEN,23,12,8.57,2.09,1,DraftKings,4100
134,Rashod Bateman,BAL,WR,2,CIN,21,5,7.77,1.52,1,DraftKings,5100
134,Khalil Herbert,CHI,RB,2,TB,24,14,10.31,1.91,1,DraftKings,5400
134,Samaje Perine,DEN,RB,2,WAS,3,4,9.12,1.79,1,DraftKings,5100
134,Elijah Mitchell,SF,RB,2,LAR,4,12,5.37,1.17,1,DraftKings,4600
134,Damien Harris,BUF,RB,2,LV,16,15,4.53,0.84,1,DraftKings,5400
134,Darius Slayton,NYG,WR,2,ARI,11,8,7.64,1.74,1,DraftKings,4400
134,Tyler Conklin,NYJ,TE,2,DAL,1,20,4.92,1.45,1,DraftKings,3400
134,Michael Gallup,DAL,WR,2,NYJ,13,21,9,2.14,1,DraftKings,4200
134,Chase Claypool,CHI,WR,2,TB,24,28,3.95,1.23,1,DraftKings,3200
134,Alec Pierce,IND,WR,2,HOU,12,13,6.72,1.92,1,DraftKings,3500
134,Robert Woods,HOU,WR,2,IND,26,27,8.84,1.92,1,DraftKings,4600
134,Gus Edwards,BAL,RB,2,CIN,21,17,7.86,1.48,1,DraftKings,5300
134,Kadarius Toney,KC,WR,2,JAX,9,15,8.64,1.88,1,DraftKings,4600
134,Seattle Seahawks,SEA,DST,2,DET,null,null,4.6,1.59,1,DraftKings,2900
134,Cade Otton,TB,TE,2,CHI,30,18,6.35,2.05,1,DraftKings,3100
134,Nick Westbrook-Ikhine,TEN,WR,2,LAC,32,32,6.2,1.88,1,DraftKings,3300
134,Donald Parham Jr.,LAC,TE,2,TEN,23,12,4.78,1.65,1,DraftKings,2900
134,Colby Parkinson,SEA,TE,2,DET,22,29,3.02,1.21,1,DraftKings,2500
134,Jonnu Smith,ATL,TE,2,GB,19,13,1.43,0.57,1,DraftKings,2500
134,Brock Wright,DET,TE,2,SEA,29,26,3.06,1.13,1,DraftKings,2700
134,Justice Hill,BAL,RB,2,CIN,21,17,6.98,1.42,1,DraftKings,4900
134,Zamir White,LV,RB,2,BUF,10,25,2.52,0.57,1,DraftKings,4400
134,Jalen Tolbert,DAL,WR,2,NYJ,13,21,4.61,1.54,1,DraftKings,3000
134,Emanuel Wilson,GB,RB,2,ATL,6,18,3.01,0.75,1,DraftKings,4000
134,Kristian Wilkerson,LV,WR,2,BUF,10,9,2.25,0.75,1,DraftKings,3000
134,Michael Mayer,LV,TE,2,BUF,10,3,3.78,1.4,1,DraftKings,2700
134,Odell Beckham Jr.,BAL,WR,2,CIN,21,5,9.18,1.95,1,DraftKings,4700
134,Josh Downs,IND,WR,2,HOU,12,13,7.5,2.21,1,DraftKings,3400
134,Tank Dell,HOU,WR,2,IND,26,27,6.98,2.18,1,DraftKings,3200
134,Rashee Rice,KC,WR,2,JAX,9,15,6.46,1.7,1,DraftKings,3800
134,Roschon Johnson,CHI,RB,2,TB,24,14,6.98,1.42,1,DraftKings,4900
134,Sean Tucker,TB,RB,2,CHI,30,30,4.4,1.02,1,DraftKings,4300
134,Quentin Johnston,LAC,WR,2,TEN,23,31,6.56,1.68,1,DraftKings,3900
134,Rico Dowdle,DAL,RB,2,NYJ,13,13,3.32,0.69,1,DraftKings,4800
181,Cooper Kupp,LAR,WR,2,SF,5,14,0,0,0,DraftKings,3000
181,Austin Ekeler,LAC,RB,2,TEN,23,2,0,0,0,DraftKings,8700
181,Kyler Murray,ARI,QB,2,NYG,18,5,0,0,0,DraftKings,4000
181,Aaron Jones,GB,RB,2,ATL,6,18,0,0,0,DraftKings,6600
181,Sam Darnold,SF,QB,2,LAR,4,11,0.41,0.09,0,DraftKings,4600
181,Aaron Rodgers,NYJ,QB,2,DAL,1,4,0,0,0,DraftKings,6400
181,Taylor Heinicke,ATL,QB,2,GB,19,17,0.26,0.06,0,DraftKings,4700
181,Jonathan Taylor,IND,RB,2,HOU,12,29,0,0,0,DraftKings,4000
181,Davis Mills,HOU,QB,2,IND,26,24,0.97,0.21,0,DraftKings,4600
181,Jakobi Meyers,LV,WR,2,BUF,10,9,0,0,0,DraftKings,5300
181,Cordarrelle Patterson,ATL,RB,2,GB,19,24,0,0,0,DraftKings,4500
181,Christian Watson,GB,WR,2,ATL,6,4,0,0,0,DraftKings,5900
181,Latavius Murray,BUF,RB,2,LV,16,15,3.77,0.84,0,DraftKings,4500
181,J.K. Dobbins,BAL,RB,2,CIN,21,17,0,0,0,DraftKings,4000
181,Sterling Shepard,NYG,WR,2,ARI,11,8,3.86,1.29,0,DraftKings,3000
181,Brandin Cooks,DAL,WR,2,NYJ,13,21,0,0,0,DraftKings,5200
181,Jacoby Brissett,WAS,QB,2,DEN,14,19,0.2,0.04,0,DraftKings,4700
181,Devin Singletary,HOU,RB,2,IND,26,23,5.81,1.24,0,DraftKings,4700
181,Antonio Gibson,WAS,RB,2,DEN,14,6,7.41,1.54,0,DraftKings,4800
181,David Blough,DET,QB,2,SEA,29,16,0.07,0.02,0,DraftKings,4000
181,Isaiah Hodgins,NYG,WR,2,ARI,11,8,7.24,1.45,0,DraftKings,5000
181,Mecole Hardman Jr.,NYJ,WR,2,DAL,1,1,3.26,0.82,0,DraftKings,4000
181,Kyle Allen,BUF,QB,2,LV,16,20,0.27,0.06,0,DraftKings,4900
181,Tyler Huntley,BAL,QB,2,CIN,21,27,0,0,0,DraftKings,4600
181,Cam Akers,LAR,RB,2,SF,5,3,0,0,0,DraftKings,5700
181,Sam Ehlinger,IND,QB,2,HOU,12,6,0,0,0,DraftKings,4000
181,Jarrett Stidham,DEN,QB,2,WAS,3,1,0.24,0.05,0,DraftKings,4400
181,Clyde Edwards-Helaire,KC,RB,2,JAX,9,1,3.54,0.82,0,DraftKings,4300
181,Tyler Badie,DEN,RB,2,WAS,3,4,0,0,0,DraftKings,4000
181,Mack Hollins,ATL,WR,2,GB,19,12,6.16,1.66,0,DraftKings,3700
181,Russell Gage,TB,WR,2,CHI,30,22,0,0,0,DraftKings,3000
181,Wan'Dale Robinson,NYG,WR,2,ARI,11,8,0,0,0,DraftKings,3000
181,Teddy Bridgewater,DET,QB,2,SEA,29,16,0.35,0.08,0,DraftKings,4600
181,Melvin Gordon III,BAL,RB,2,CIN,21,17,2.78,0.63,0,DraftKings,4400
181,D'Onta Foreman,CHI,RB,2,TB,24,14,0,0,0,DraftKings,4600
181,Greg Dulcich,DEN,TE,2,WAS,3,13,0,0,0,DraftKings,3600
181,Zonovan Knight,DET,RB,2,SEA,29,28,0.2,0.05,0,DraftKings,4000
181,Devin Duvernay,BAL,WR,2,CIN,21,5,2.15,0.69,0,DraftKings,3100
181,Richie James,KC,WR,2,JAX,9,15,5.94,1.75,0,DraftKings,3400
181,Michael Carter,NYJ,RB,2,DAL,1,7,2.77,0.58,0,DraftKings,4800
181,Isaiah McKenzie,IND,WR,2,HOU,12,13,2.16,0.72,0,DraftKings,3000
181,Chris Moore,TEN,WR,2,LAC,32,32,3.76,1.25,0,DraftKings,3000
181,Greg Dortch,ARI,WR,2,NYG,18,16,2.52,0.81,0,DraftKings,3100
181,Kalif Raymond,DET,WR,2,SEA,29,25,4.91,1.53,0,DraftKings,3200
181,Noah Fant,SEA,TE,2,DET,22,29,5.24,1.81,0,DraftKings,2900
181,Noah Brown,HOU,WR,2,IND,26,27,0,0,0,DraftKings,3000
181,Demarcus Robinson,LAR,WR,2,SF,5,14,2.45,0.82,0,DraftKings,3000
181,Trey Lance,DAL,QB,2,NYJ,13,10,0,0,0,DraftKings,4800
181,DeAndre Carter,LV,WR,2,BUF,10,9,4.26,1.25,0,DraftKings,3400
181,Robert Tonyan,CHI,TE,2,TB,24,25,2.41,0.89,0,DraftKings,2700
181,Cooper Rush,DAL,QB,2,NYJ,13,10,0.17,0.04,0,DraftKings,4700
181,John Wolford,TB,QB,2,CHI,30,30,0.07,0.02,0,DraftKings,4000
181,Randall Cobb,NYJ,WR,2,DAL,1,1,4.18,1.23,0,DraftKings,3400
181,Gardner Minshew,IND,QB,2,HOU,12,6,0.24,0.05,0,DraftKings,5100
181,Daniel Bellinger,NYG,TE,2,ARI,11,24,2.42,0.86,0,DraftKings,2800
181,Ben Skowronek,LAR,WR,2,SF,5,14,3.25,1.08,0,DraftKings,3000
181,Will Dissly,SEA,TE,2,DET,22,29,3.32,1.19,0,DraftKings,2800
181,Brett Rypien,LAR,QB,2,SF,5,12,0.26,0.06,0,DraftKings,4400
181,Chase Edmonds,TB,RB,2,CHI,30,30,3.04,0.74,0,DraftKings,4100
181,Trenton Irwin,CIN,WR,2,BAL,7,18,2.24,0.75,0,DraftKings,3000
181,Isaiah Likely,BAL,TE,2,CIN,21,28,3.01,0.94,0,DraftKings,3200
181,Deon Jackson,IND,RB,2,HOU,12,29,6.79,1.39,0,DraftKings,4900
181,Blaine Gabbert,KC,QB,2,JAX,9,29,0.24,0.05,0,DraftKings,4400
181,Nelson Agholor,BAL,WR,2,CIN,21,5,2.31,0.77,0,DraftKings,3000
181,Royce Freeman,LAR,RB,2,SF,5,3,0,0,0,DraftKings,4000
181,Jelani Woods,IND,TE,2,HOU,12,4,0,0,0,DraftKings,2500
181,Jauan Jennings,SF,WR,2,LAR,4,7,4.26,1.33,0,DraftKings,3200
181,Marlon Mack,ARI,RB,2,NYG,18,26,0,0,0,DraftKings,4000
181,Nyheim Hines,BUF,RB,2,LV,16,15,0,0,0,DraftKings,4000
181,Trent Sherfield,BUF,WR,2,LV,16,19,2.77,0.92,0,DraftKings,3000
181,Charlie Kolar,BAL,TE,2,CIN,21,28,0,0,0,DraftKings,2500
181,Travis Homer,CHI,RB,2,TB,24,14,1.12,0.28,0,DraftKings,4000
181,Tyrod Taylor,NYG,QB,2,ARI,11,20,0.22,0.04,0,DraftKings,4900
181,Jamal Agnew,JAX,WR,2,KC,20,23,2.7,0.9,0,DraftKings,3000
181,MyCole Pruitt,ATL,TE,2,GB,19,13,0.07,0.03,0,DraftKings,2500
181,JaMycal Hasty,JAX,RB,2,KC,20,22,0,0,0,DraftKings,4000
181,Equanimeous St. Brown,CHI,WR,2,TB,24,28,0,0,0,DraftKings,3000
181,Lawrence Cager,NYG,TE,2,ARI,11,24,0,0,0,DraftKings,2500
181,Noah Gray,KC,TE,2,JAX,9,23,3.36,0.99,0,DraftKings,3400
181,Matt Breida,NYG,RB,2,ARI,11,16,3.16,0.63,0,DraftKings,5000
181,Trey McBride,ARI,TE,2,NYG,18,5,4.27,1.52,0,DraftKings,2800
181,C.J. Uzomah,NYJ,TE,2,DAL,1,20,2.65,0.95,0,DraftKings,2800
181,Ashton Dulin,IND,WR,2,HOU,12,13,0,0,0,DraftKings,3000
181,Kyle Philips,TEN,WR,2,LAC,32,32,0,0,0,DraftKings,3000
181,Craig Reynolds,DET,RB,2,SEA,29,28,0.92,0.23,0,DraftKings,4000
181,Teagan Quitoriano,HOU,TE,2,IND,26,17,2.34,0.94,0,DraftKings,2500
181,Justin Watson,KC,WR,2,JAX,9,15,2.81,0.85,0,DraftKings,3300
181,Phillip Dorsett,DEN,WR,2,WAS,3,6,0.82,0.27,0,DraftKings,3000
181,Ameer Abdullah,LV,RB,2,BUF,10,25,2.18,0.54,0,DraftKings,4000
181,Shane Zylstra,DET,TE,2,SEA,29,26,0,0,0,DraftKings,2500
181,Mike Boone,HOU,RB,2,IND,26,23,0,0,0,DraftKings,4200
181,Mo Alie-Cox,IND,TE,2,HOU,12,4,3.27,1.31,0,DraftKings,2500
181,Byron Pringle,WAS,WR,2,DEN,14,26,0.55,0.18,0,DraftKings,3000
181,Nathan Peterman,CHI,QB,2,TB,24,22,0.04,0.01,0,DraftKings,4400
181,Velus Jones Jr.,CHI,WR,2,TB,24,28,0.72,0.24,0,DraftKings,3000
181,Khalil Shakir,BUF,WR,2,LV,16,19,1.6,0.43,0,DraftKings,3700
181,DeeJay Dallas,SEA,RB,2,DET,22,11,2.4,0.59,0,DraftKings,4100
181,Malik Willis,TEN,QB,2,LAC,32,32,0.29,0.07,0,DraftKings,4000
181,Jamison Crowder,WAS,WR,2,DEN,14,26,0.41,0.14,0,DraftKings,3000
181,Dare Ogunbowale,HOU,RB,2,IND,26,23,1.31,0.33,0,DraftKings,4000
181,Blake Bell,KC,TE,2,JAX,9,23,1.63,0.6,0,DraftKings,2700
181,Kyle Juszczyk,SF,RB,2,LAR,4,12,1.94,0.48,0,DraftKings,4000
181,Ray-Ray McCloud III,SF,WR,2,LAR,4,7,1.11,0.37,0,DraftKings,3000
181,Cade Johnson,SEA,WR,2,DET,22,17,0,0,0,DraftKings,3000
181,Jalen Guyton,LAC,WR,2,TEN,23,31,0,0,0,DraftKings,3000
181,Marquez Callaway,LV,WR,2,BUF,10,9,0.61,0.2,0,DraftKings,3000
181,Scotty Miller,ATL,WR,2,GB,19,12,1.49,0.5,0,DraftKings,3000
181,Tyler Mabry,SEA,TE,2,DET,22,29,0,0,0,DraftKings,2500
181,Steven Sims,HOU,WR,2,IND,26,27,0,0,0,DraftKings,3000
181,Amari Rodgers,IND,WR,2,HOU,12,13,0,0,0,DraftKings,3000
181,Ty Johnson,BUF,RB,2,LV,16,15,0.08,0.02,0,DraftKings,4000
181,Jameson Williams,DET,WR,2,SEA,29,25,0,0,0,DraftKings,3000
181,Jeff Driskel,ARI,QB,2,NYG,18,5,0,0,0,DraftKings,4000
181,Malik Davis,DAL,RB,2,NYJ,13,13,0.19,0.05,0,DraftKings,4000
181,KhaDarel Hodge,ATL,WR,2,GB,19,12,2.03,0.68,0,DraftKings,3000
181,Brevin Jordan,HOU,TE,2,IND,26,17,1.28,0.51,0,DraftKings,2500
181,Corey Clement,ARI,RB,2,NYG,18,26,0,0,0,DraftKings,4000
181,David Sills V,DEN,WR,2,WAS,3,6,0,0,0,DraftKings,3000
181,Dyami Brown,WAS,WR,2,DEN,14,26,1.81,0.6,0,DraftKings,3000
181,Ronald Jones,DAL,RB,2,NYJ,13,13,0,0,0,DraftKings,4000
181,Keelan Cole Sr.,LV,WR,2,BUF,10,9,0.18,0.06,0,DraftKings,3000
181,James Mitchell,DET,TE,2,SEA,29,26,0.83,0.33,0,DraftKings,2500
181,Peyton Hendershot,DAL,TE,2,NYJ,13,19,2.55,0.98,0,DraftKings,2600
181,Brandon Johnson,DEN,WR,2,WAS,3,6,3.21,1.07,0,DraftKings,3000
181,Avery Williams,ATL,RB,2,GB,19,24,0,0,0,DraftKings,4000
181,Mitchell Wilcox,CIN,TE,2,BAL,7,6,0.18,0.07,0,DraftKings,2500
181,Tanner Hudson,CIN,TE,2,BAL,7,6,0.09,0.04,0,DraftKings,2500
181,Jody Fortson,KC,TE,2,JAX,9,23,0,0,0,DraftKings,2500
181,Zach Pascal,ARI,WR,2,NYG,18,16,2.68,0.89,0,DraftKings,3000
181,Zach Gentry,CIN,TE,2,BAL,7,6,0.04,0.02,0,DraftKings,2500
181,John Bates,WAS,TE,2,DEN,14,9,2.28,0.91,0,DraftKings,2500
181,Deven Thompkins,TB,WR,2,CHI,30,22,3.17,1.06,0,DraftKings,3000
181,Dennis Houston,NYG,WR,2,ARI,11,8,0,0,0,DraftKings,3000
181,Samori Toure,GB,WR,2,ATL,6,4,3.75,1.25,0,DraftKings,3000
181,Brandon Bolden,LV,RB,2,BUF,10,25,0.88,0.22,0,DraftKings,4000
181,Nsimba Webster,CHI,WR,2,TB,24,28,0,0,0,DraftKings,3000
181,Hassan Haskins,TEN,RB,2,LAC,32,20,0,0,0,DraftKings,4000
181,Jordan Mason,SF,RB,2,LAR,4,12,1.25,0.3,0,DraftKings,4200
181,Tyrion Davis-Price,SF,RB,2,LAR,4,12,0,0,0,DraftKings,4000
181,Quintin Morris,BUF,TE,2,LV,16,21,1.04,0.42,0,DraftKings,2500
181,Marcedes Lewis,CHI,TE,2,TB,24,25,0.39,0.16,0,DraftKings,2500
181,Gary Brightwell,NYG,RB,2,ARI,11,16,1.73,0.38,0,DraftKings,4500
181,Jalen Virgil,DEN,WR,2,WAS,3,6,0,0,0,DraftKings,3000
181,Brian Hoyer,LV,QB,2,BUF,10,9,0.31,0.07,0,DraftKings,4500
181,Laquon Treadwell,BAL,WR,2,CIN,21,5,0,0,0,DraftKings,3000
181,Keaontay Ingram,ARI,RB,2,NYG,18,26,3.3,0.77,0,DraftKings,4300
181,Ross Dwelley,SF,TE,2,LAR,4,11,0.68,0.27,0,DraftKings,2500
181,Josiah Deguara,GB,TE,2,ATL,6,29,2.24,0.9,0,DraftKings,2500
181,Dee Eskridge,SEA,WR,2,DET,22,17,0,0,0,DraftKings,3000
181,Isaiah Spiller,LAC,RB,2,TEN,23,2,2.84,0.71,0,DraftKings,4000
181,Julius Chestnut,TEN,RB,2,LAC,32,20,0.78,0.2,0,DraftKings,4000
181,Andre Baccellia,ARI,WR,2,NYG,18,16,0,0,0,DraftKings,3000
181,Geoff Swaim,ARI,TE,2,NYG,18,5,0.38,0.15,0,DraftKings,2500
181,Racey McMath,IND,WR,2,HOU,12,13,0,0,0,DraftKings,3000
181,Ronnie Rivers,LAR,RB,2,SF,5,3,0.15,0.04,0,DraftKings,4000
181,Brycen Hopkins,LAR,TE,2,SF,5,27,2.71,1.04,0,DraftKings,2600
181,Armani Rogers,WAS,TE,2,DEN,14,9,0,0,0,DraftKings,2500
181,Reggie Gilliam,BUF,RB,2,LV,16,15,1.57,0.39,0,DraftKings,4000
181,Ko Kieft,TB,TE,2,CHI,30,18,2.42,0.97,0,DraftKings,2500
181,Tre' McKitty,LAC,TE,2,TEN,23,12,0.78,0.31,0,DraftKings,2500
181,Chris Myarick,NYG,RB,2,ARI,11,16,0,0,0,DraftKings,4000
181,Parker Hesse,ATL,TE,2,GB,19,13,0.07,0.03,0,DraftKings,2500
181,Chris Evans,CIN,RB,2,BAL,7,7,0,0,0,DraftKings,4100
181,Patrick Ricard,BAL,RB,2,CIN,21,17,0.62,0.16,0,DraftKings,4000
181,Snoop Conner,JAX,RB,2,KC,20,22,0,0,0,DraftKings,4000
181,Josh Johnson,BAL,QB,2,CIN,21,27,0.05,0.01,0,DraftKings,4600
181,Nick Vannett,LAC,TE,2,TEN,23,12,0,0,0,DraftKings,2500
181,Cam Sims,NYG,WR,2,ARI,11,8,0,0,0,DraftKings,3000
181,Chris Conley,SF,WR,2,LAR,4,7,0,0,0,DraftKings,3000
181,Dax Milne,WAS,WR,2,DEN,14,26,0,0,0,DraftKings,3000
181,Drew Sample,CIN,TE,2,BAL,7,6,0.95,0.38,0,DraftKings,2500
181,Andrew Beck,HOU,RB,2,IND,26,23,0.72,0.18,0,DraftKings,4000
181,Juwann Winfree,IND,WR,2,HOU,12,13,0.24,0.08,0,DraftKings,3000
181,Kyle Trask,TB,QB,2,CHI,30,30,0.3,0.07,0,DraftKings,4500
181,Tylan Wallace,BAL,WR,2,CIN,21,5,0.24,0.08,0,DraftKings,3000
181,Stone Smartt,LAC,TE,2,TEN,23,12,0.69,0.28,0,DraftKings,2500
181,Brandon Allen,SF,QB,2,LAR,4,11,0,0,0,DraftKings,4000
181,Andy Isabella,BUF,WR,2,LV,16,19,0,0,0,DraftKings,3000
181,Trayveon Williams,CIN,RB,2,BAL,7,7,3.04,0.71,0,DraftKings,4300
181,Trent Taylor,CHI,WR,2,TB,24,28,0.74,0.25,0,DraftKings,3000
181,Mason Kinsey,TEN,WR,2,LAC,32,32,0,0,0,DraftKings,3000
181,Lil'Jordan Humphrey,DEN,WR,2,WAS,3,6,3.04,0.98,0,DraftKings,3100
181,Penny Hart,ATL,WR,2,GB,19,12,0,0,0,DraftKings,3000
181,Ke'Shawn Vaughn,TB,RB,2,CHI,30,30,0,0,0,DraftKings,4000
181,Austin Trammell,LAR,WR,2,SF,5,14,0,0,0,DraftKings,3000
181,Dareke Young,SEA,WR,2,DET,22,17,0,0,0,DraftKings,3000
181,Trevon Wesco,TEN,TE,2,LAC,32,13,0.51,0.2,0,DraftKings,2500
181,Tyron Johnson,DAL,WR,2,NYJ,13,21,0,0,0,DraftKings,3000
181,Dwayne Washington,DEN,RB,2,WAS,3,4,0,0,0,DraftKings,4000
181,Chris Manhertz,DEN,TE,2,WAS,3,13,0.64,0.26,0,DraftKings,2500
181,Patrick Taylor,GB,RB,2,ATL,6,18,3.61,0.75,0,DraftKings,4800
181,Tyler Davis,GB,TE,2,ATL,6,29,0,0,0,DraftKings,2500
181,Jakob Johnson,LV,RB,2,BUF,10,25,0.53,0.13,0,DraftKings,4000
181,Maurice Alexander,DET,WR,2,SEA,29,25,0,0,0,DraftKings,3000
181,Troy Hairston,HOU,RB,2,IND,26,23,0,0,0,DraftKings,4000
181,D'Ernest Johnson,JAX,RB,2,KC,20,22,0.96,0.24,0,DraftKings,4000
181,Montrell Washington,KC,WR,2,JAX,9,15,0,0,0,DraftKings,3000
181,Luke Farrell,JAX,TE,2,KC,20,21,0.59,0.24,0,DraftKings,2500
181,Cole Turner,WAS,TE,2,DEN,14,9,1.43,0.57,0,DraftKings,2500
181,Godwin Igwebuike,ATL,RB,2,GB,19,24,0,0,0,DraftKings,4000
181,Jesper Horsted,LV,TE,2,BUF,10,3,0.38,0.15,0,DraftKings,2500
181,Demetric Felton Jr.,CIN,RB,2,BAL,7,7,0,0,0,DraftKings,4000
181,Tim Jones,JAX,WR,2,KC,20,23,0.27,0.09,0,DraftKings,3000
181,Tommy Sweeney,NYG,TE,2,ARI,11,24,0,0,0,DraftKings,2500
181,Jason Cabinda,DET,RB,2,SEA,29,28,0,0,0,DraftKings,4000
181,Case Keenum,HOU,QB,2,IND,26,24,0,0,0,DraftKings,4000
181,Jacob Harris,JAX,WR,2,KC,20,23,0,0,0,DraftKings,3000
181,Danny Gray,SF,WR,2,LAR,4,7,0,0,0,DraftKings,3000
181,KaVontae Turpin,DAL,WR,2,NYJ,13,21,3.48,1.16,0,DraftKings,3000
181,Sean McKeon,DAL,TE,2,NYJ,13,19,0,0,0,DraftKings,2500
181,Jeremy Ruckert,NYJ,TE,2,DAL,1,20,0.48,0.19,0,DraftKings,2500
181,Michael Burton,DEN,RB,2,WAS,3,4,0.41,0.1,0,DraftKings,4000
181,Keith Smith,ATL,RB,2,GB,19,24,0.39,0.1,0,DraftKings,4000
181,Sean Clifford,GB,QB,2,ATL,6,7,0.19,0.04,0,DraftKings,4400
181,Logan Woodside,ATL,QB,2,GB,19,17,0,0,0,DraftKings,4000
181,Alex McGough,GB,QB,2,ATL,6,7,0,0,0,DraftKings,4000
181,Henry Pearson,GB,RB,2,ATL,6,18,0,0,0,DraftKings,4000
181,Josh Ali,ATL,WR,2,GB,19,12,0,0,0,DraftKings,3000
181,C.J. Saunders,ATL,WR,2,GB,19,12,0,0,0,DraftKings,3000
181,Mathew Sexton,ATL,WR,2,GB,19,12,0,0,0,DraftKings,3000
181,Zay Malone,ATL,WR,2,GB,19,12,0,0,0,DraftKings,3000
181,Malik Heath,GB,WR,2,ATL,6,4,2.61,0.87,0,DraftKings,3000
181,Dontayvion Wicks,GB,WR,2,ATL,6,4,3.45,1.15,0,DraftKings,3000
181,Bo Melton,GB,WR,2,ATL,6,4,0,0,0,DraftKings,3000
181,Grant DuBose,GB,WR,2,ATL,6,4,0,0,0,DraftKings,3000
181,John FitzPatrick,ATL,TE,2,GB,19,13,0.38,0.15,0,DraftKings,2500
181,Feleipe Franks,ATL,TE,2,GB,19,13,0,0,0,DraftKings,2500
181,Tucker Fisk,ATL,TE,2,GB,19,13,0,0,0,DraftKings,2500
181,Tucker Kraft,GB,TE,2,ATL,6,29,0.9,0.36,0,DraftKings,2500
181,Ben Sims,GB,TE,2,ATL,6,29,0,0,0,DraftKings,2500
181,Shane Buechele,BUF,QB,2,LV,16,20,0.06,0.02,0,DraftKings,4000
181,Aidan O'Connell,LV,QB,2,BUF,10,9,0,0,0,DraftKings,4000
181,Brittain Brown,LV,RB,2,BUF,10,25,0,0,0,DraftKings,4000
181,Austin Walter,LV,RB,2,BUF,10,25,0,0,0,DraftKings,4000
181,Sincere McCormick,LV,RB,2,BUF,10,25,0,0,0,DraftKings,4000
181,Justin Shorter,BUF,WR,2,LV,16,19,0,0,0,DraftKings,3000
181,Marcell Ateman,BUF,WR,2,LV,16,19,0,0,0,DraftKings,3000
181,Tyrell Shavers,BUF,WR,2,LV,16,19,0,0,0,DraftKings,3000
181,Bryan Thompson,BUF,WR,2,LV,16,19,0,0,0,DraftKings,3000
181,Tre Tucker,LV,WR,2,BUF,10,9,2.34,0.78,0,DraftKings,3000
181,Zach Davidson,BUF,TE,2,LV,16,21,0,0,0,DraftKings,2500
181,Joel Wilson,BUF,TE,2,LV,16,21,0,0,0,DraftKings,2500
181,John Samuel Shenker,LV,TE,2,BUF,10,3,0,0,0,DraftKings,2500
181,Cole Fotheringham,LV,TE,2,BUF,10,3,0,0,0,DraftKings,2500
181,Jake Browning,CIN,QB,2,BAL,7,12,0.19,0.04,0,DraftKings,4400
181,Will Grier,CIN,QB,2,BAL,7,12,0.07,0.02,0,DraftKings,4000
181,Chase Brown,CIN,RB,2,BAL,7,7,1.97,0.49,0,DraftKings,4000
181,Keaton Mitchell,BAL,RB,2,CIN,21,17,0,0,0,DraftKings,4000
181,Owen Wright,BAL,RB,2,CIN,21,17,0,0,0,DraftKings,4000
181,Ben Mason,BAL,RB,2,CIN,21,17,0.25,0.06,0,DraftKings,4000
181,Charlie Jones,CIN,WR,2,BAL,7,18,1.54,0.51,0,DraftKings,3000
181,Andrei Iosivas,CIN,WR,2,BAL,7,18,0.5,0.17,0,DraftKings,3000
181,Stanley Morgan,CIN,WR,2,BAL,7,18,0,0,0,DraftKings,3000
181,Kwamie Lassiter II,CIN,WR,2,BAL,7,18,0,0,0,DraftKings,3000
181,Shedrick Jackson,CIN,WR,2,BAL,7,18,0,0,0,DraftKings,3000
181,Sean Ryan,BAL,WR,2,CIN,21,5,0,0,0,DraftKings,3000
181,Cal Adomitis,CIN,TE,2,BAL,null,null,null,null,0,DraftKings,2500
181,Tyler Ott,BAL,TE,2,CIN,null,null,null,null,0,DraftKings,2500
181,Travis Vokolek,BAL,TE,2,CIN,21,28,0,0,0,DraftKings,2500
181,Drew Lock,SEA,QB,2,DET,22,25,0.31,0.07,0,DraftKings,4400
181,Hendon Hooker,DET,QB,2,SEA,29,16,0,0,0,DraftKings,4000
181,Zach Charbonnet,SEA,RB,2,DET,22,11,4.34,0.96,0,DraftKings,4500
181,Kenny McIntosh,SEA,RB,2,DET,22,11,0,0,0,DraftKings,4000
181,SaRodorick Thompson Jr.,SEA,RB,2,DET,22,11,0,0,0,DraftKings,4000
181,Antoine Green,DET,WR,2,SEA,29,25,0.46,0.15,0,DraftKings,3000
181,Daurice Fountain,DET,WR,2,SEA,29,25,0,0,0,DraftKings,3000
181,Dylan Drummond,DET,WR,2,SEA,29,25,0,0,0,DraftKings,3000
181,Jake Bobo,SEA,WR,2,DET,22,17,3.56,1.19,0,DraftKings,3000
181,Cody Thompson,SEA,WR,2,DET,22,17,0.55,0.18,0,DraftKings,3000
181,Matt Landers,SEA,WR,2,DET,22,17,0,0,0,DraftKings,3000
181,Easop Winston Jr.,SEA,WR,2,DET,22,17,0,0,0,DraftKings,3000
181,Darrell Daniels,DET,TE,2,SEA,29,26,0,0,0,DraftKings,2500
181,Evan Hull,IND,RB,2,HOU,12,29,0,0,0,DraftKings,4400
181,Jake Funk,IND,RB,2,HOU,12,29,2.7,0.63,0,DraftKings,4300
181,John Metchie III,HOU,WR,2,IND,26,27,4.33,1.2,0,DraftKings,3600
181,Xavier Hutchinson,HOU,WR,2,IND,26,27,2.15,0.72,0,DraftKings,3000
181,Jesse Matthews,HOU,WR,2,IND,26,27,0,0,0,DraftKings,3000
181,Johnny Johnson III,HOU,WR,2,IND,26,27,0,0,0,DraftKings,3000
181,Lance McCutcheon,HOU,WR,2,IND,26,27,0,0,0,DraftKings,3000
181,D.J. Montgomery,IND,WR,2,HOU,12,13,0,0,0,DraftKings,3000
181,Dalton Keene,HOU,TE,2,IND,26,17,0.01,0,0,DraftKings,2500
181,Drew Ogletree,IND,TE,2,HOU,12,4,0,0,0,DraftKings,2500
181,Will Mallory,IND,TE,2,HOU,12,4,0.98,0.39,0,DraftKings,2500
181,C.J. Beathard,JAX,QB,2,KC,20,15,0.18,0.04,0,DraftKings,4300
181,Chris Oladokun,KC,QB,2,JAX,9,29,0,0,0,DraftKings,4000
181,Nathan Rourke,JAX,QB,2,KC,20,15,0,0,0,DraftKings,4000
181,Tank Bigsby,JAX,RB,2,KC,20,22,4.98,1.06,0,DraftKings,4700
181,Deneric Prince,KC,RB,2,JAX,9,1,0.18,0.04,0,DraftKings,4000
181,La'Mical Perine,KC,RB,2,JAX,9,1,0,0,0,DraftKings,4000
181,Derek Parish,JAX,TE,2,KC,20,21,0,0,0,DraftKings,4000
181,Justyn Ross,KC,WR,2,JAX,9,15,2.01,0.67,0,DraftKings,3000
181,Cornell Powell,KC,WR,2,JAX,9,15,0,0,0,DraftKings,3000
181,Elijah Cooks,JAX,WR,2,KC,20,23,0,0,0,DraftKings,3000
181,Parker Washington,JAX,WR,2,KC,20,23,0,0,0,DraftKings,3000
181,Jaylon Moore,JAX,WR,2,KC,20,23,0,0,0,DraftKings,3000
181,Seth Williams,JAX,WR,2,KC,20,23,0,0,0,DraftKings,3000
181,Matt Bushman,KC,TE,2,JAX,9,23,0,0,0,DraftKings,2500
181,James Winchester,KC,TE,2,JAX,null,null,null,null,0,DraftKings,2500
181,Gerrit Prince,KC,TE,2,JAX,9,23,0,0,0,DraftKings,2500
181,Brenton Strange,JAX,TE,2,KC,20,21,1.83,0.73,0,DraftKings,2500
181,Josh Pederson,JAX,TE,2,KC,20,21,0,0,0,DraftKings,2500
181,Tyson Bagent,CHI,QB,2,TB,24,22,0,0,0,DraftKings,4000
181,Khari Blasingame,CHI,RB,2,TB,24,14,0.22,0.06,0,DraftKings,4000
181,Robert Burns,CHI,RB,2,TB,24,14,0,0,0,DraftKings,4000
181,Patrick Laird,TB,RB,2,CHI,30,30,0,0,0,DraftKings,4000
181,Trey Palmer,TB,WR,2,CHI,30,22,5.83,1.71,0,DraftKings,3400
181,Tyler Scott,CHI,WR,2,TB,24,28,2.72,0.91,0,DraftKings,3000
181,Rakim Jarrett,TB,WR,2,CHI,30,22,0.67,0.22,0,DraftKings,3000
181,David Moore,TB,WR,2,CHI,30,22,0,0,0,DraftKings,3000
181,Cephus Johnson,TB,WR,2,CHI,30,22,0,0,0,DraftKings,3000
181,Ryan Miller,TB,WR,2,CHI,30,22,0,0,0,DraftKings,3000
181,Stephen Carlson,CHI,TE,2,TB,24,25,0,0,0,DraftKings,2500
181,Patrick Scales,CHI,TE,2,TB,null,null,null,null,0,DraftKings,2500
181,Payne Durham,TB,TE,2,CHI,30,18,0,0,0,DraftKings,2500
181,David Wells,TB,TE,2,CHI,30,18,0.09,0.04,0,DraftKings,2500
181,Tanner Taula,TB,TE,2,CHI,30,18,0,0,0,DraftKings,2500
181,Easton Stick,LAC,QB,2,TEN,23,18,0.09,0.02,0,DraftKings,4700
181,Will Levis,TEN,QB,2,LAC,32,32,0,0,0,DraftKings,4700
181,Max Duggan,LAC,QB,2,TEN,23,18,0.06,0.02,0,DraftKings,4000
181,Tyjae Spears,TEN,RB,2,LAC,32,20,5.51,1.2,0,DraftKings,4600
181,Elijah Dotson,LAC,RB,2,TEN,23,2,3.44,0.86,0,DraftKings,4000
181,Derius Davis,LAC,WR,2,TEN,23,31,1.7,0.57,0,DraftKings,3000
181,Alex Erickson,LAC,WR,2,TEN,23,31,0,0,0,DraftKings,3000
181,Terrell Bynum,LAC,WR,2,TEN,23,31,0,0,0,DraftKings,3000
181,Keelan Doss,LAC,WR,2,TEN,23,31,0,0,0,DraftKings,3000
181,Kearis Jackson,TEN,WR,2,LAC,32,32,0.12,0.04,0,DraftKings,3000
181,Colton Dowell,TEN,WR,2,LAC,32,32,0,0,0,DraftKings,3000
181,Tre'Shaun Harrison,TEN,WR,2,LAC,32,32,0,0,0,DraftKings,3000
181,Hunter Kampmoyer,LAC,TE,2,TEN,23,12,0,0,0,DraftKings,2500
181,Josh Whyle,TEN,TE,2,LAC,32,13,1.82,0.73,0,DraftKings,2500
181,Kevin Rader,TEN,TE,2,LAC,32,13,0,0,0,DraftKings,2500
181,Thomas Odukoya,TEN,TE,2,LAC,32,13,0,0,0,DraftKings,2500
181,Clayton Tune,ARI,QB,2,NYG,18,5,0.3,0.07,0,DraftKings,4600
181,Tommy Devito,NYG,QB,2,ARI,11,20,0,0,0,DraftKings,4000
181,Eric Gray,NYG,RB,2,ARI,11,16,0.68,0.17,0,DraftKings,4000
181,Emari Demercado,ARI,RB,2,NYG,18,26,1.52,0.38,0,DraftKings,4000
181,Jalin Hyatt,NYG,WR,2,ARI,11,8,3.92,1.01,0,DraftKings,3900
181,Bryce Ford-Wheaton,NYG,WR,2,ARI,11,8,0,0,0,DraftKings,3000
181,Daniel Arias,ARI,WR,2,NYG,18,16,0,0,0,DraftKings,3000
181,Kaden Davis,ARI,WR,2,NYG,18,16,0,0,0,DraftKings,3000
181,Tyree Jackson,NYG,TE,2,ARI,11,24,0.01,0,0,DraftKings,2500
181,Ryan Jones,NYG,TE,2,ARI,11,24,0,0,0,DraftKings,2500
181,Bernhard Seikovits,ARI,TE,2,NYG,18,5,0,0,0,DraftKings,2500
181,Blake Whiteheart,ARI,TE,2,NYG,18,5,0,0,0,DraftKings,2500
181,Stetson Bennett,LAR,QB,2,SF,5,12,0,0,0,DraftKings,4400
181,Jack Colletto,SF,RB,2,LAR,4,12,0,0,0,DraftKings,4000
181,Zach Evans,LAR,RB,2,SF,5,3,0,0,0,DraftKings,4000
181,Ronnie Bell,SF,WR,2,LAR,4,7,0.57,0.19,0,DraftKings,3000
181,Tay Martin,SF,WR,2,LAR,4,7,0,0,0,DraftKings,3000
181,Isaiah Winstead,SF,WR,2,LAR,4,7,0,0,0,DraftKings,3000
181,Willie Snead IV,SF,WR,2,LAR,4,7,0,0,0,DraftKings,3000
181,Xavier Smith,LAR,WR,2,SF,5,14,0,0,0,DraftKings,3000
181,Tyler Johnson,LAR,WR,2,SF,5,14,0,0,0,DraftKings,3000
181,Charlie Woerner,SF,TE,2,LAR,4,11,0.25,0.1,0,DraftKings,2500
181,Brayden Willis,SF,TE,2,LAR,4,11,0.55,0.22,0,DraftKings,2500
181,Cameron Latu,SF,TE,2,LAR,4,11,0,0,0,DraftKings,2500
181,Troy Fumagalli,SF,TE,2,LAR,4,11,0,0,0,DraftKings,2500
181,Davis Allen,LAR,TE,2,SF,5,27,0.8,0.32,0,DraftKings,2500
181,Hunter Long,LAR,TE,2,SF,5,27,0,0,0,DraftKings,2500
181,Nikola Kalinic,LAR,TE,2,SF,5,27,0,0,0,DraftKings,2500
181,Deuce Vaughn,DAL,RB,2,NYJ,13,13,2.89,0.61,0,DraftKings,4700
181,Israel Abanikanda,NYJ,RB,2,DAL,1,7,0,0,0,DraftKings,4300
181,Hunter Luepke,DAL,RB,2,NYJ,13,13,0.89,0.22,0,DraftKings,4000
181,Nick Bawden,NYJ,RB,2,DAL,1,7,0.72,0.18,0,DraftKings,4000
181,Xazavian Valladay,NYJ,RB,2,DAL,1,7,0,0,0,DraftKings,4000
181,John Stephens Jr.,DAL,WR,2,NYJ,13,21,0,0,0,DraftKings,3000
181,Jalen Brooks,DAL,WR,2,NYJ,13,21,1.56,0.52,0,DraftKings,3000
181,David Durden,DAL,WR,2,NYJ,13,21,0,0,0,DraftKings,3000
181,Jalen Moreno-Cropper,DAL,WR,2,NYJ,13,21,0,0,0,DraftKings,3000
181,Jason Brownlee,NYJ,WR,2,DAL,1,1,0,0,0,DraftKings,3000
181,Xavier Gipson,NYJ,WR,2,DAL,1,1,0.1,0.03,0,DraftKings,3000
181,Luke Schoonmaker,DAL,TE,2,NYJ,13,19,1.81,0.7,0,DraftKings,2600
181,Princeton Fant,DAL,TE,2,NYJ,13,19,0,0,0,DraftKings,2500
181,Kenny Yeboah,NYJ,TE,2,DAL,1,20,0,0,0,DraftKings,2500
181,Zack Kuntz,NYJ,TE,2,DAL,1,20,0.01,0,0,DraftKings,2500
181,Ben DiNucci,DEN,QB,2,WAS,3,1,0.07,0.02,0,DraftKings,4000
181,Jake Fromm,WAS,QB,2,DEN,14,19,0.07,0.02,0,DraftKings,4000
181,Jaleel McLaughlin,DEN,RB,2,WAS,3,4,1.62,0.4,0,DraftKings,4000
181,Chris Rodriguez Jr.,WAS,RB,2,DEN,14,6,1.84,0.46,0,DraftKings,4000
181,Derrick Gore,WAS,RB,2,DEN,14,6,0,0,0,DraftKings,4000
181,Alex Armah,WAS,RB,2,DEN,14,6,0,0,0,DraftKings,4000
181,Marvin Mims Jr.,DEN,WR,2,WAS,3,6,3.65,1.04,0,DraftKings,3500
181,Tim Patrick,DEN,WR,2,WAS,3,6,0,0,0,DraftKings,3000
181,Mitchell Tinsley,WAS,WR,2,DEN,14,26,0,0,0,DraftKings,3000
181,Brycen Tremayne,WAS,WR,2,DEN,14,26,0,0,0,DraftKings,3000
181,Kazmeir Allen,WAS,WR,2,DEN,14,26,0,0,0,DraftKings,3000
181,Nate Adkins,DEN,TE,2,WAS,3,13,0,0,0,DraftKings,2500
181,Lucas Krull,DEN,TE,2,WAS,3,13,0,0,0,DraftKings,2500
181,Mitchell Fraboni,DEN,TE,2,WAS,null,null,null,null,0,DraftKings,2500
181,Curtis Hodges,WAS,TE,2,DEN,14,9,0,0,0,DraftKings,2500
181,Kaden Smith,WAS,TE,2,DEN,14,9,0,0,0,DraftKings,2500
181,Taiwan Jones,NYG,RB,2,ARI,11,16,0.06,0.02,0,DraftKings,4000
181,Nate Sudfeld,DET,QB,2,SEA,29,16,0,0,0,DraftKings,4000
181,Tim Boyle,NYJ,QB,2,DAL,1,4,0.29,0.07,0,DraftKings,4000
