"Player","Team","Opponent","DK Position","DK Salary","DK Projection","DK Value","DK Large Ownership","DK Small Ownership","DKSlateID","DK Floor","DK Ceiling"
"Kareem Hunt","KC","@CAR","RB","5700","17.9","3.6","32.1","42.2","36700655","6.7","31.9"
"Anthony Richardson","IND","DET","QB","5600","20.1","2.7","18.5","23.8","36700568","9.8","31.8"
"De'Von Achane","MIA","NE","RB","7500","20.1","2.3","27.6","35.7","36700627","7.8","35.5"
"Buccaneers ","TB","@NYG","DST","3300","9.8","2.3","15.8","17.0","36701456","3.3","17.6"
"James Conner","ARI","@SEA","RB","6500","17.8","2.0","22.4","24.5","36700641","6.8","32.3"
"Travis Kelce","KC","@CAR","TE","5800","16.5","2.0","22.4","25.0","36701225","6.4","29.0"
"Tommy DeVito","NYG","TB","QB","4000","14.5","2.0","7.3","9.8","36700606","6.9","23.4"
"Brandon Allen","SF","@GB","QB","4000","14.4","1.9","6.5","6.2","36700594","6.9","23.1"
"Geno Smith","SEA","ARI","QB","5700","19.3","1.7","13.8","14.3","36700567","10.1","29.8"
"Brian Robinson Jr.","WAS","DAL","RB","5600","15.8","1.7","27.2","35.0","36700657","4.8","30.3"
"Christian McCaffrey","SF","@GB","RB","8500","21.2","1.4","13.8","12.5","36700623","9.3","35.7"
"Dolphins ","MIA","NE","DST","3100","8.5","1.4","11.6","14.6","36701458","2.2","16.3"
"Vikings ","MIN","@CHI","DST","3400","9.1","1.4","8.8","10.0","36701455","2.7","17.0"
"Kenneth Walker III","SEA","ARI","RB","6900","18.0","1.3","20.7","21.9","36700633","7.3","31.8"
"Broncos ","DEN","@LV","DST","3200","8.7","1.3","12.1","10.6","36701457","2.5","16.3"
"Texans ","HOU","TEN","DST","3600","9.4","1.3","9.9","9.1","36701453","3.0","17.2"
"Joe Mixon","HOU","TEN","RB","8000","20.1","1.2","21.4","23.7","36700625","8.4","34.3"
"Josh Jacobs","GB","SF","RB","6800","17.5","1.0","15.9","16.9","36700635","6.4","31.2"
"Packers ","GB","SF","DST","2800","7.4","0.9","9.7","10.8","36701461","1.5","14.6"
"Tony Pollard","TEN","@HOU","RB","5800","15.3","0.8","13.5","8.5","36700653","6.1","27.4"
"Bears ","CHI","MIN","DST","2500","6.8","0.8","11.6","12.7","36701464","1.0","14.0"
"Hunter Henry","NE","@MIA","TE","4000","11.6","0.6","17.2","17.9","36701239","3.7","21.6"
"Jayden Daniels","WAS","DAL","QB","7000","22.1","0.5","13.1","13.3","36700556","11.7","34.3"
"Chiefs ","KC","@CAR","DST","3900","9.2","0.5","1.9","0.6","36701451","2.9","16.9"
"Tua Tagovailoa","MIA","NE","QB","5800","18.3","0.4","8.1","7.5","36700566","9.5","28.3"
"Titans ","TEN","@HOU","DST","2300","5.9","0.3","3.1","3.0","36701469","0.2","13.0"
"CeeDee Lamb","DAL","@WAS","WR","7300","17.7","0.2","9.6","8.1","36700849","6.8","31.8"
"Brock Bowers","LV","DEN","TE","6300","15.7","0.2","11.5","10.4","36701221","6.3","27.3"
"Courtland Sutton","DEN","@LV","WR","5800","14.6","0.1","24.6","30.9","36700873","4.7","27.9"
"Ameer Abdullah","LV","DEN","RB","4300","11.6","0.1","3.4","8.2","36700709","4.0","22.0"
"Jakobi Meyers","LV","DEN","WR","5100","13.2","0.1","24.9","28.6","36700891","4.5","25.2"
"Bucky Irving","TB","@NYG","RB","5300","13.6","0.1","6.4","5.2","36700665","4.3","25.9"
"Cardinals ","ARI","@SEA","DST","2600","6.2","0.1","3.1","1.9","36701463","0.5","13.2"
"Giants ","NYG","TB","DST","2400","5.8","0.0","4.4","4.1","36701466","0.1","12.8"
"Commanders ","WAS","DAL","DST","3500","8.0","0.0","4.5","4.2","36701454","2.0","15.3"
"Kyler Murray","ARI","@SEA","QB","6200","19.1","-0.1","6.4","6.9","36700563","9.8","30.1"
"Jahmyr Gibbs","DET","@IND","RB","7300","17.4","-0.1","8.5","6.8","36700629","5.7","32.8"
"Drake Maye","NE","@MIA","QB","5500","17.0","-0.1","3.4","2.1","36700569","8.8","26.4"
"Rhamondre Stevenson","NE","@MIA","RB","5900","14.5","-0.1","7.1","4.8","36700651","5.5","26.8"
"Jaxon Smith-Njigba","SEA","ARI","WR","6300","15.4","-0.1","19.1","20.1","36700863","5.5","28.8"
"Caleb Williams","CHI","MIN","QB","5100","15.7","-0.2","1.9","1.7","36700572","7.7","25.0"
"Rico Dowdle","DAL","@WAS","RB","5500","13.7","-0.2","7.5","4.2","36700661","4.9","25.2"
"Amon-Ra St. Brown","DET","@IND","WR","8300","19.2","-0.2","15.0","15.3","36700841","7.3","34.4"
"Nico Collins","HOU","TEN","WR","7600","17.7","-0.3","11.1","12.4","36700845","6.3","32.2"
"Raiders ","LV","DEN","DST","2500","5.7","-0.3","0.7","0.4","36701465","0.1","12.6"
"Trey McBride","ARI","@SEA","TE","5600","13.7","-0.4","10.4","8.3","36701227","5.0","25.0"
"DK Metcalf","SEA","ARI","WR","6600","15.6","-0.5","13.7","14.7","36700857","4.9","29.6"
"Calvin Ridley","TEN","@HOU","WR","5700","13.8","-0.5","19.2","22.8","36700875","4.3","26.6"
"David Montgomery","DET","@IND","RB","6700","15.6","-0.6","4.3","6.3","36700637","4.6","30.6"
"Tyreek Hill","MIA","NE","WR","7200","16.7","-0.6","11.1","11.2","36700851","5.6","31.6"
"Jonnu Smith","MIA","NE","TE","4100","10.4","-0.7","12.6","12.3","36701237","3.1","20.0"
"Bo Nix","DEN","@LV","QB","6300","18.7","-0.8","4.8","4.9","36700562","9.8","28.9"
"Zach Ertz","WAS","DAL","TE","3800","9.7","-0.8","7.8","6.0","36701243","2.6","18.7"
"Sam LaPorta","DET","@IND","TE","4300","10.7","-0.9","7.1","6.7","36701233","2.9","20.5"
"Jonathan Taylor","IND","DET","RB","7100","16.2","-0.9","3.2","1.0","36700631","5.7","30.2"
"Patrick Mahomes","KC","@CAR","QB","6800","20.1","-0.9","3.8","3.3","36700557","10.9","30.4"
"T.J. Hockenson","MIN","@CHI","TE","4200","10.4","-0.9","6.2","5.9","36701235","3.1","19.6"
"Rachaad White","TB","@NYG","RB","5400","12.8","-0.9","4.3","1.0","36700663","4.1","24.8"
"Will Levis","TEN","@HOU","QB","4900","14.4","-0.9","1.1","0.5","36700574","6.8","23.2"
"Baker Mayfield","TB","@NYG","QB","6100","17.9","-1.0","3.1","2.2","36700564","9.4","27.9"
"Panthers ","CAR","KC","DST","2200","4.4","-1.0","0.5","0.5","36701470","-0.9","10.9"
"Luke Schoonmaker","DAL","@WAS","TE","2500","6.9","-1.1","8.2","8.7","36701345","1.6","13.7"
"Cowboys ","DAL","@WAS","DST","2400","4.6","-1.1","0.7","0.4","36701467","-0.9","11.3"
"Lions ","DET","@IND","DST","3700","7.3","-1.1","0.5","0.3","36701452","1.1","14.8"
"Seahawks ","SEA","ARI","DST","2900","5.7","-1.1","0.3","0.1","36701460","0.1","12.5"
"Aaron Jones","MIN","@CHI","RB","6400","14.4","-1.3","3.0","1.2","36700643","4.9","26.9"
"Romeo Doubs","GB","SF","WR","4600","10.7","-1.4","12.5","9.2","36700911","2.6","21.5"
"Chuba Hubbard","CAR","KC","RB","6600","14.6","-1.5","4.4","2.0","36700639","5.7","26.0"
"Dalton Schultz","HOU","TEN","TE","3500","8.4","-1.5","4.8","3.1","36701249","1.9","16.8"
"Sam Darnold","MIN","@CHI","QB","5900","16.8","-1.5","1.5","0.5","36700565","8.6","26.4"
"Justin Jefferson","MIN","@CHI","WR","8100","17.6","-1.5","9.0","5.8","36700843","6.2","32.0"
"Tyrone Tracy Jr.","NYG","TB","RB","6000","13.4","-1.5","5.6","2.4","36700649","4.6","24.9"
"Javonte Williams","DEN","@LV","RB","5200","11.7","-1.6","1.8","0.6","36700667","3.6","23.0"
"Noah Brown","WAS","DAL","WR","4200","9.7","-1.6","5.4","6.9","36700929","2.2","20.2"
"Kayshon Boutte","NE","@MIA","WR","3500","8.2","-1.7","11.7","9.4","36700963","1.6","17.5"
"49ers ","SF","@GB","DST","3000","5.2","-1.7","0.3","0.1","36701459","-0.2","12.0"
"Keenan Allen","CHI","MIN","WR","4900","10.9","-1.8","7.7","7.1","36700901","3.3","21.1"
"C.J. Stroud","HOU","TEN","QB","6500","18.3","-1.8","1.8","0.7","36700560","9.4","28.2"
"Bryce Young","CAR","KC","QB","4600","12.5","-1.9","0.5","0.3","36700579","5.7","20.1"
"Rome Odunze","CHI","MIN","WR","4800","10.6","-1.9","6.1","6.8","36700905","2.9","21.3"
"Jared Goff","DET","@IND","QB","6600","18.5","-1.9","2.5","1.1","36700559","9.4","28.5"
"Gardner Minshew II","LV","DEN","QB","4800","13.1","-1.9","0.8","0.5","36700576","7.0","23.0"
"DeMario Douglas","NE","@MIA","WR","4500","10.0","-1.9","8.3","6.2","36700917","2.9","19.6"
"Jauan Jennings","SF","@GB","WR","5600","12.2","-1.9","9.8","9.0","36700877","3.7","23.8"
"Patriots ","NE","@MIA","DST","2700","4.5","-1.9","0.2","0.0","36701462","-0.9","11.0"
"Michael Pittman Jr.","IND","DET","WR","5300","11.5","-2.0","8.6","8.4","36700883","3.3","22.4"
"Colts ","IND","DET","DST","2300","3.6","-2.0","0.1","0.1","36701468","-1.7","9.9"
"DJ Moore","CHI","MIN","WR","5500","11.7","-2.2","7.6","7.2","36700879","3.6","23.0"
"Jayden Reed","GB","SF","WR","5900","12.5","-2.2","8.3","7.6","36700871","3.5","25.3"
"Devaughn Vele","DEN","@LV","WR","3900","8.5","-2.3","11.0","12.9","36700939","2.0","17.4"
"Theo Johnson","NYG","TB","TE","2900","6.5","-2.3","2.2","2.2","36701263","1.2","13.3"
"Cade Otton","TB","@NYG","TE","5500","11.4","-2.5","6.3","4.1","36701229","3.8","20.9"
"D'Andre Swift","CHI","MIN","RB","6100","12.4","-2.7","0.8","0.3","36700647","4.2","23.5"
"Jordan Love","GB","SF","QB","6700","18.0","-2.7","1.1","0.4","36700558","9.2","28.1"
"Tank Dell","HOU","TEN","WR","6400","13.0","-2.7","2.6","0.5","36700861","3.9","25.8"
"Josh Downs","IND","DET","WR","6200","12.6","-2.7","5.5","5.6","36700865","4.0","24.3"
"Malik Nabers","NYG","TB","WR","7400","15.0","-2.7","4.9","6.0","36700847","5.3","27.8"
"Chig Okonkwo","TEN","@HOU","TE","2800","5.9","-2.7","0.8","0.2","36701265","1.0","12.2"
"Tucker Kraft","GB","SF","TE","3900","8.0","-2.8","1.9","1.0","36701241","1.9","16.0"
"DeAndre Hopkins","KC","@CAR","WR","5400","10.8","-2.9","8.7","8.7","36700881","2.7","21.8"
"Cooper Rush","DAL","@WAS","QB","5000","12.6","-3.0","0.5","0.3","36700573","5.9","21.1"
"Christian Watson","GB","SF","WR","5200","10.3","-3.0","2.1","2.3","36700889","2.2","21.5"
"Terry McLaurin","WAS","DAL","WR","6800","13.5","-3.0","5.9","6.3","36700855","3.8","26.4"
"Marvin Harrison Jr.","ARI","@SEA","WR","6100","12.0","-3.1","6.1","4.6","36700867","3.2","24.1"
"Austin Hooper","NE","@MIA","TE","3000","5.9","-3.1","0.3","0.1","36701259","0.9","12.5"
"Tre Tucker","LV","DEN","WR","4000","7.6","-3.3","4.4","4.8","36700937","1.3","16.8"
"Wan'Dale Robinson","NYG","TB","WR","5200","10.0","-3.3","0.7","0.3","36700887","3.2","19.3"
"Deebo Samuel Sr.","SF","@GB","WR","6500","12.6","-3.3","0.7","0.3","36700859","3.7","25.3"
"Tyler Lockett","SEA","ARI","WR","4800","9.0","-3.5","2.5","1.3","36700903","1.9","18.5"
"Nick Westbrook-Ikhine","TEN","@HOU","WR","4100","7.6","-3.5","2.3","1.6","36700933","1.4","16.2"
"Cole Kmet","CHI","MIN","TE","3600","6.5","-3.6","0.5","0.3","36701247","1.3","13.3"
"Jaylen Waddle","MIA","NE","WR","5300","9.9","-3.6","3.0","2.7","36700885","2.3","20.7"
"David Moore","CAR","KC","WR","3200","5.7","-3.7","0.3","0.2","36700991","0.7","12.7"
"Jalen McMillan","TB","@NYG","WR","4000","7.3","-3.7","0.5","0.3","36700935","1.1","16.1"
"Xavier Legette","CAR","KC","WR","5000","9.1","-3.8","0.5","0.3","36700897","2.2","18.8"
"Lil'Jordan Humphrey","DEN","@LV","WR","3400","5.9","-3.8","0.4","0.1","36700969","0.8","13.0"
"Jameson Williams","DET","@IND","WR","6000","11.1","-3.8","3.0","4.0","36700869","2.4","23.7"
"Noah Gray","KC","@CAR","TE","3100","5.3","-3.9","0.3","0.1","36701257","0.5","11.8"
"Marvin Mims Jr.","DEN","@LV","WR","3200","5.4","-4.0","0.3","0.1","36700983","0.2","13.7"
"Ja'Tavion Sanders","CAR","KC","TE","3400","5.7","-4.1","0.6","0.1","36701251","1.0","11.5"
"Michael Wilson","ARI","@SEA","WR","4400","7.5","-4.2","0.5","0.3","36700919","1.3","16.2"
"Kendrick Bourne","NE","@MIA","WR","3600","6.0","-4.2","0.3","0.1","36700955","0.8","13.2"
"Xavier Worthy","KC","@CAR","WR","5000","8.6","-4.3","0.5","0.3","36700895","1.4","19.5"
"Jordan Addison","MIN","@CHI","WR","5100","8.8","-4.3","0.5","0.3","36700893","1.8","18.9"
"Michael Mayer","LV","DEN","TE","2700","4.0","-4.4","0.0","0.0","36701269","0.2","9.1"
"Brevyn Spann-Ford","DAL","@WAS","TE","2500","3.4","-4.6","0.0","0.1","36701347","0.0","8.0"
"Lucas Krull","DEN","@LV","TE","2500","3.4","-4.6","0.0","0.0","36701279","0.0","8.4"
"Tim Patrick","DET","@IND","WR","3400","5.1","-4.6","0.3","0.1","36700965","0.3","12.2"
"Noah Fant","SEA","ARI","TE","3700","5.8","-4.6","0.3","0.1","36701245","0.8","12.5"
"Tyler Boyd","TEN","@HOU","WR","3500","5.3","-4.6","0.3","0.3","36700961","0.7","11.9"
"Jalen Tolbert","DAL","@WAS","WR","4100","6.4","-4.7","0.3","0.3","36700931","1.0","14.0"
"Johnny Mundt","MIN","@CHI","TE","2500","3.2","-4.7","0.0","0.0","36701283","0.0","7.8"
"Austin Ekeler","WAS","DAL","RB","5600","9.4","-4.7","0.5","0.3","36700659","2.3","20.1"
"Sterling Shepard","TB","@NYG","WR","4200","6.5","-4.8","0.3","0.1","36700927","0.9","15.5"
"Tommy Tremble","CAR","KC","TE","2600","3.2","-5.0","0.0","0.0","36701273","0.0","7.8"
"Cade Stover","HOU","TEN","TE","2500","2.9","-5.0","0.0","0.0","36701405","0.0","7.5"
"Kylen Granson","IND","DET","TE","2500","3.0","-5.0","0.1","0.0","36701285","0.0","7.7"
"Odell Beckham Jr.","MIA","NE","WR","3300","4.5","-5.0","0.0","0.0","36700979","0.1","11.2"
"Julian Hill","MIA","NE","TE","2500","3.0","-5.0","0.0","0.0","36701277","0.0","7.6"
"Zach Charbonnet","SEA","ARI","RB","4300","6.5","-5.0","0.3","0.1","36700705","1.3","14.5"
"Mike Evans","TB","@NYG","WR","7000","11.8","-5.0","4.2","3.9","36700853","3.0","23.6"
"Jalen Coker","CAR","KC","WR","3700","5.3","-5.1","0.3","0.1","36700949","0.5","12.0"
"Ryan Flournoy","DAL","@WAS","WR","3000","3.8","-5.1","0.0","0.0","36701077","0.0","9.4"
"Troy Franklin","DEN","@LV","WR","3500","4.9","-5.1","0.1","0.0","36700957","0.3","11.7"
"Adam Trautman","DEN","@LV","TE","2700","3.3","-5.1","0.0","0.0","36701271","0.0","8.3"
"Cam Akers","MIN","@CHI","RB","4400","6.7","-5.1","0.3","0.1","36700701","1.2","15.0"
"Olamide Zaccheaus","WAS","DAL","WR","3300","4.4","-5.2","0.0","0.0","36700975","0.1","10.8"
"Elijah Higgins","ARI","@SEA","TE","2800","3.3","-5.3","0.0","0.0","36701267","0.0","8.1"
"Alec Pierce","IND","DET","WR","4900","7.4","-5.3","1.5","1.5","36700899","0.9","16.6"
"George Kittle","SF","@GB","TE","6000","9.6","-5.3","0.5","0.3","36701223","2.4","18.6"
"Josh Whyle","TEN","@HOU","TE","2500","2.6","-5.3","0.0","0.0","36701397","0.0","6.7"
"Malik Washington","MIA","NE","WR","3100","3.7","-5.5","0.0","0.0","36700999","0.0","10.9"
"Jalen Nailor","MIN","@CHI","WR","3600","4.5","-5.6","0.0","0.0","36700951","0.1","11.3"
"Rakim Jarrett","TB","@NYG","WR","3100","3.6","-5.6","0.0","0.0","36700997","0.0","9.3"
"KaVontae Turpin","DAL","@WAS","WR","3300","3.7","-5.8","0.7","0.6","36700977","0.0","9.9"
"Mo Alie-Cox","IND","DET","TE","2500","2.1","-5.9","0.0","0.0","36701383","0.0","6.0"
"Dyami Brown","WAS","DAL","WR","3100","3.3","-5.9","0.0","0.0","36701001","0.0","9.0"
"Darius Slayton","NYG","TB","WR","4600","6.2","-6.0","0.8","0.1","36700913","0.8","13.9"
"Justin Watson","KC","@CAR","WR","3500","3.8","-6.1","0.0","0.0","36700959","0.0","10.1"
"Adam Thielen","CAR","KC","WR","4700","6.1","-6.2","0.3","0.1","36700909","1.0","13.2"
"Mecole Hardman","KC","@CAR","WR","3100","3.0","-6.2","0.0","0.0","36700993","0.0","8.2"
"DJ Turner","LV","DEN","WR","3800","4.3","-6.2","0.0","0.0","36700945","0.1","10.9"
"Ryan Miller","TB","@NYG","WR","3200","3.2","-6.2","0.0","0.0","36700985","0.0","8.5"
"Greg Dortch","ARI","@SEA","WR","3600","3.8","-6.3","0.0","0.0","36700953","0.1","9.5"
"Chris Brooks","GB","SF","RB","4000","4.6","-6.3","0.0","0.0","36700747","0.5","10.9"
"Dontayvion Wicks","GB","SF","WR","4300","5.2","-6.3","0.3","0.1","36700925","0.3","12.6"
"Nick Vannett","TEN","@HOU","TE","2500","1.7","-6.3","0.0","0.0","36701399","0.0","4.8"
"Durham Smythe","MIA","NE","TE","2500","1.5","-6.4","0.0","0.0","36701375","0.0","4.7"
"AJ Barner","SEA","ARI","TE","3200","2.9","-6.5","1.5","0.7","36701255","0.0","7.5"
"Kalif Raymond","DET","@IND","WR","3400","3.2","-6.6","0.0","0.0","36700971","0.0","9.0"
"Adonai Mitchell","IND","DET","WR","3900","4.1","-6.6","1.5","1.5","36700941","0.0","10.9"
"Luke McCaffrey","WAS","DAL","WR","3200","2.7","-6.7","0.0","0.0","36700987","0.0","7.2"
"Roschon Johnson","CHI","MIN","RB","4600","5.3","-6.8","0.3","0.1","36700689","0.9","12.4"
"Ben Sims","GB","SF","TE","2500","1.2","-6.8","0.0","0.0","36701309","0.0","4.0"
"John Metchie III","HOU","TEN","WR","4400","5.0","-6.8","0.0","0.0","36700921","0.4","11.6"
"Dylan Laube","LV","DEN","RB","4000","4.2","-6.8","0.0","0.0","36700753","0.4","10.2"
"Drew Ogletree","IND","DET","TE","2500","1.1","-6.9","0.0","0.0","36701385","0.0","3.7"
"John Bates","WAS","DAL","TE","2500","1.1","-6.9","0.0","0.0","36701335","0.0","3.6"
"Samaje Perine","KC","@CAR","RB","4300","4.5","-7.0","0.0","0.0","36700707","0.5","10.4"
"Peyton Hendershot","KC","@CAR","TE","2500","1.0","-7.0","0.0","0.0","36701441","0.0","3.4"
"Jonathon Brooks","CAR","KC","RB","4800","5.4","-7.1","0.3","0.1","36700681","0.9","12.2"
"Gerald Everett","CHI","MIN","TE","2500","0.8","-7.2","0.0","0.0","36701423","0.0","2.7"
"Ricky Pearsall","SF","@GB","WR","4700","5.1","-7.2","0.3","0.1","36700907","0.5","12.1"
"Emari Demercado","ARI","@SEA","RB","4100","3.8","-7.3","0.0","0.0","36700719","0.2","9.3"
"Trey Benson","ARI","@SEA","RB","4500","4.6","-7.3","0.0","0.0","36700693","0.4","11.7"
"Audric Estime","DEN","@LV","RB","4700","5.0","-7.3","0.0","0.0","36700683","0.6","12.4"
"Nate Adkins","DEN","@LV","TE","2600","0.9","-7.3","0.0","0.0","36701275","0.0","3.2"
"Bo Melton","GB","SF","WR","3000","1.7","-7.3","0.0","0.0","36701039","0.0","5.8"
"Pharaoh Brown","SEA","ARI","TE","2500","0.6","-7.3","0.0","0.0","36701287","0.0","2.4"
"Brock Wright","DET","@IND","TE","3300","2.2","-7.4","0.0","0.0","36701253","0.0","6.1"
"Ashton Dulin","IND","DET","WR","3000","1.5","-7.4","0.0","0.0","36701131","0.0","5.9"
"Ben Sinnott","WAS","DAL","TE","2500","0.6","-7.4","0.0","0.0","36701337","0.0","2.1"
"Eric Saubert","SF","@GB","TE","2500","0.5","-7.5","0.0","0.0","36701301","0.0","1.8"
"Ezekiel Elliott","DAL","@WAS","RB","4600","4.5","-7.6","0.0","0.0","36700691","0.5","10.9"
"Jaylen Wright","MIA","NE","RB","4500","4.4","-7.6","0.0","0.0","36700697","0.3","11.5"
"Robert Tonyan","MIN","@CHI","TE","2500","0.4","-7.6","0.0","0.0","36701417","0.0","1.5"
"Ja'Lynn Polk","NE","@MIA","WR","3100","1.5","-7.6","0.0","0.0","36700995","0.0","5.0"
"Zay Jones","ARI","@SEA","WR","3200","1.7","-7.7","0.0","0.0","36700981","0.0","5.3"
"Tip Reiman","ARI","@SEA","TE","2500","0.3","-7.7","0.0","0.0","36701295","0.0","1.0"
"Princeton Fant","DAL","@WAS","TE","2500","0.3","-7.7","0.0","0.0","36701351","0.0","1.0"
"Shane Zylstra","DET","@IND","TE","2500","0.3","-7.7","0.0","0.0","36701393","0.0","1.3"
"Justin Shorter","LV","DEN","TE","2500","0.3","-7.7","0.0","0.0","36701281","0.0","1.0"
"Daniel Bellinger","NYG","TB","TE","2500","0.3","-7.7","0.0","0.0","36701365","0.0","1.0"
"Chris Manhertz","NYG","TB","TE","2500","0.3","-7.7","0.0","0.0","36701363","0.0","1.0"
"Payne Durham","TB","@NYG","TE","2500","0.3","-7.7","0.0","0.0","36701353","0.0","1.2"
"Feleipe Franks","CAR","KC","TE","2500","0.1","-7.8","0.0","0.0","36701435","0.0","0.5"
"Marcedes Lewis","CHI","MIN","TE","2500","0.1","-7.8","0.0","0.0","36701425","0.0","0.5"
"John FitzPatrick","GB","SF","TE","2500","0.1","-7.8","0.0","0.0","36701311","0.0","0.5"
"Teagan Quitoriano","HOU","TEN","TE","2500","0.2","-7.8","0.0","0.0","36701407","0.0","0.6"
"JuJu Smith-Schuster","KC","@CAR","WR","4300","3.7","-7.8","0.0","0.0","36700923","0.0","9.3"
"Jaheim Bell","NE","@MIA","TE","2500","0.1","-7.8","0.0","0.0","36701369","0.0","0.6"
"Tyler Mabry","SEA","ARI","TE","2500","0.2","-7.8","0.0","0.0","36701291","0.0","0.6"
"Ko Kieft","TB","@NYG","TE","2500","0.2","-7.8","0.0","0.0","36701355","0.0","0.6"
"Julius Chestnut","TEN","@HOU","RB","4000","3.1","-7.9","0.0","0.0","36700733","0.1","8.1"
"Xavier Hutchinson","HOU","TEN","WR","3200","1.3","-8.0","0.0","0.0","36700989","0.0","4.6"
"Trent Sherfield Sr.","MIN","@CHI","WR","3000","1.0","-8.0","0.0","0.0","36701171","0.0","3.7"
"Brandon Powell","MIN","@CHI","WR","3000","1.0","-8.0","0.0","0.0","36701173","0.0","3.5"
"Jake Bobo","SEA","ARI","WR","3000","0.9","-8.0","0.0","0.0","36701005","0.0","3.5"
"Robert Woods","HOU","TEN","WR","3400","1.6","-8.1","0.0","0.0","36700967","0.0","5.1"
"Ramel Keyton","LV","DEN","WR","3000","0.6","-8.3","0.0","0.0","36701049","0.0","2.4"
"Raheem Mostert","MIA","NE","RB","5000","4.7","-8.3","0.0","0.0","36700673","0.3","11.5"
"Deven Thompkins","CAR","KC","WR","3000","0.6","-8.4","0.0","0.0","36701201","0.0","2.5"
"Malik Heath","GB","SF","WR","3000","0.6","-8.4","0.0","0.0","36701041","0.0","2.2"
"Carson Steele","KC","@CAR","RB","4000","2.6","-8.4","0.0","0.0","36700831","0.0","7.1"
"Devin Singletary","NYG","TB","RB","4900","4.3","-8.4","0.0","0.0","36700675","0.5","10.6"
"Jonathan Mingo","DAL","@WAS","WR","3700","1.9","-8.5","0.0","0.0","36700947","0.0","5.6"
"JaMycal Hasty","NE","@MIA","RB","4000","2.5","-8.5","0.0","0.0","36700839","0.0","6.8"
"Laviska Shenault Jr.","SEA","ARI","WR","3000","0.4","-8.6","0.0","0.0","36701009","0.0","1.6"
"DeAndre Carter","CHI","MIN","WR","3000","0.3","-8.7","0.0","0.0","36701185","0.0","1.0"
"Jaleel McLaughlin","DEN","@LV","RB","4500","3.2","-8.7","0.0","0.0","36700695","0.1","8.8"
"Allen Robinson II","DET","@IND","WR","3000","0.3","-8.7","0.0","0.0","36701003","0.0","1.1"
"Terrace Marshall Jr.","LV","DEN","WR","3000","0.2","-8.7","0.0","0.0","36701051","0.0","1.0"
"Ihmir Smith-Marsette","NYG","TB","WR","3000","0.2","-8.7","0.0","0.0","36701097","0.0","0.9"
"Cody White","SEA","ARI","WR","3000","0.3","-8.7","0.0","0.0","36701013","0.0","1.2"
"Jha'Quan Jackson","TEN","@HOU","WR","3000","0.3","-8.7","0.0","0.0","36701149","0.0","1.3"
"Bryce Oliver","TEN","@HOU","WR","3000","0.2","-8.7","0.0","0.0","36701151","0.0","0.9"
"Zach Pascal","ARI","@SEA","WR","3000","0.1","-8.8","0.0","0.0","36701019","0.0","0.5"
"Tyler Scott","CHI","MIN","WR","3000","0.1","-8.8","0.0","0.0","36701183","0.0","0.5"
"Sincere McCormick","LV","DEN","RB","4000","2.1","-8.8","0.0","0.0","36700755","0.0","6.1"
"River Cracraft","MIA","NE","WR","3000","0.2","-8.8","0.0","0.0","36701115","0.0","0.6"
"Javon Baker","NE","@MIA","WR","3000","0.1","-8.8","0.0","0.0","36701105","0.0","0.5"
"Chris Conley","SF","@GB","WR","3000","0.1","-8.8","0.0","0.0","36701025","0.0","0.4"
"Dare Ogunbowale","HOU","TEN","RB","4200","2.4","-8.9","0.0","0.0","36700713","0.0","6.5"
"Jalin Hyatt","NYG","TB","WR","3300","0.7","-8.9","0.0","0.0","36700973","0.0","2.7"
"Alec Ingold","MIA","NE","RB","4000","2.0","-9.0","0.0","0.0","36700789","0.0","5.6"
"Kyle Juszczyk","SF","@GB","RB","4000","1.9","-9.0","0.0","0.0","36700745","0.0","5.4"
"Emanuel Wilson","GB","SF","RB","4400","2.7","-9.1","0.0","0.0","36700699","0.0","7.6"
"Jeremy McNichols","WAS","DAL","RB","4100","2.1","-9.1","0.0","0.0","36700721","0.0","6.4"
"Hunter Luepke","DAL","@WAS","RB","4000","1.8","-9.2","0.0","0.0","36700771","0.0","5.0"
"Trey Sermon","IND","DET","RB","4000","1.4","-9.5","0.0","0.0","36700835","0.0","4.4"
"Michael Burton","DEN","@LV","RB","4000","1.2","-9.7","0.0","0.0","36700759","0.0","3.9"
"Tyler Goodson","IND","DET","RB","4100","1.4","-9.8","0.0","0.0","36700717","0.0","4.2"
"Antonio Gibson","NE","@MIA","RB","4700","2.5","-9.8","0.0","0.0","36700685","0.0","6.9"
"Trey Palmer","TB","@NYG","WR","3800","0.6","-10.0","0.0","0.0","36700943","0.0","2.3"
"Isaac Guerendo","SF","@GB","RB","4000","0.7","-10.2","0.0","0.0","36700723","0.0","2.7"
"Sean Tucker","TB","@NYG","RB","4600","1.8","-10.3","0.0","0.0","36700687","0.0","5.5"
"Raheem Blackshear","CAR","KC","RB","4000","0.5","-10.4","0.0","0.0","36700825","0.0","2.1"
"Craig Reynolds","DET","@IND","RB","4000","0.4","-10.5","0.0","0.0","36700795","0.0","1.7"
"Eric Gray","NYG","TB","RB","4000","0.5","-10.5","0.0","0.0","36700777","0.0","1.9"
"Ty Chandler","MIN","@CHI","RB","4000","0.3","-10.7","0.0","0.0","36700727","0.0","1.0"
"C.J. Ham","MIN","@CHI","RB","4000","0.3","-10.7","0.0","0.0","36700815","0.0","1.0"
"Sione Vaki","DET","@IND","RB","4000","0.1","-10.8","0.0","0.0","36700797","0.0","0.4"
"Kenny McIntosh","SEA","ARI","RB","4000","0.1","-10.8","0.0","0.0","36700735","0.0","0.5"
"Travis Homer","CHI","MIN","RB","4000","0.1","-10.9","0.0","0.0","36700819","0.0","0.3"
"Dameon Pierce","HOU","TEN","RB","4900","1.3","-11.4","0.0","0.0","36700677","0.0","4.2"
"Jordan Mason","SF","@GB","RB","5000","0.6","-12.3","0.0","0.0","36700671","0.0","2.3"
"Trey Lance","DAL","@WAS","QB","4500","0.6","-13.4","0.0","0.0","36700583","0.0","1.2"
"Desmond Ridder","LV","DEN","QB","4800","1.4","-13.6","0.0","0.0","36700577","0.0","0.0"
