rank,id,player,team,pos,game.week,opp,pass_yds,pass_td,pass_int,rush_yds,rush_td,rec,rec_yds,rec_td,def_sck,def_int,fum_forced,fum_recovered,fpts_draftkings
1,19801,Josh Allen,BUF,QB,9,MIA,256.4,1.8,0.8,33.1,0.5,0.0,0.0,0.0,,,0.0,0.0,22.6
2,21831,Jalen Hurts,PHI,QB,9,JAX,230.6,1.5,0.7,39.2,0.7,0.0,0.0,0.0,,,0.0,0.0,22.2
3,19781,Lamar Jackson,BAL,QB,9,DEN,229.1,1.6,0.7,55.0,0.3,0.0,0.0,0.0,,,0.0,0.0,21.9
4,21679,CeeDee Lamb,DAL,WR,9,ATL,0.0,0.0,0.0,5.5,0.1,6.9,87.9,0.6,,,0.0,0.0,20.3
5,18878,Alvin Kamara,NO,RB,9,CAR,0.0,0.0,0.0,69.6,0.6,4.8,36.9,0.2,,,0.0,0.0,20.1
6,23235,Jayden Daniels,WAS,QB,9,NYG,220.8,1.2,0.8,50.5,0.4,0.0,0.0,0.0,,,0.0,0.0,20.0
7,22564,Ja'Marr Chase,CIN,WR,9,LV,0.0,0.0,0.0,1.1,0.0,6.8,89.6,0.7,,,0.0,0.0,20.0
8,21685,Justin Jefferson,MIN,WR,9,IND,0.0,0.0,0.0,0.6,0.0,6.3,94.1,0.6,,,0.0,0.0,19.3
9,21693,Joe Burrow,CIN,QB,9,LV,261.9,1.9,0.7,13.8,0.1,0.0,0.0,0.0,,,0.0,0.0,19.2
10,18858,Joe Mixon,HOU,RB,9,NYJ,0.0,0.0,0.0,86.3,0.7,3.3,23.5,0.1,,,0.0,0.0,18.9
11,23212,Kyren Williams,LAR,RB,9,SEA,0.0,0.0,0.0,88.5,0.8,2.4,15.2,0.2,,,0.0,0.0,18.7
12,18890,Patrick Mahomes,KC,QB,9,TB,244.4,1.6,0.8,21.7,0.2,0.0,0.0,0.0,,,0.0,0.0,18.6
13,14252,Kirk Cousins,ATL,QB,9,DAL,271.7,1.9,0.8,2.9,0.1,0.0,0.0,0.0,,,0.0,0.0,18.5
14,20889,Kyler Murray,ARI,QB,9,CHI,209.1,1.3,0.8,41.6,0.3,0.0,0.0,0.0,,,0.0,0.0,18.4
15,19812,Sam Darnold,MIN,QB,9,IND,254.3,1.8,0.8,14.5,0.1,0.0,0.0,0.0,,,0.0,0.0,18.4
16,19766,Saquon Barkley,PHI,RB,9,JAX,0.0,0.0,0.0,92.7,0.7,2.6,16.8,0.1,,,0.0,0.0,18.2
17,23189,Bijan Robinson,ATL,RB,9,DAL,0.0,0.0,0.0,72.4,0.6,3.7,30.4,0.1,,,0.0,0.0,18.1
18,21042,A.J. Brown,PHI,WR,9,JAX,0.0,0.0,0.0,0.1,0.0,5.8,87.3,0.6,,,0.0,0.0,18.0
19,19045,Aaron Jones,MIN,RB,9,IND,0.0,0.0,0.0,77.6,0.5,3.3,26.8,0.2,,,0.0,0.0,17.8
20,18055,Dak Prescott,DAL,QB,9,ATL,254.1,1.8,0.9,8.2,0.1,0.0,0.0,0.0,,,0.0,0.0,17.8
21,22526,Breece Hall,NYJ,RB,9,HOU,0.0,0.0,0.0,71.8,0.5,3.7,31.5,0.1,,,0.0,0.0,17.5
22,23200,Jahmyr Gibbs,DET,RB,9,GB,0.0,0.0,0.0,73.3,0.6,3.0,24.9,0.2,,,0.0,0.0,17.5
23,23214,Kenneth Walker III,SEA,RB,9,LAR,0.0,0.0,0.0,63.6,0.6,3.7,26.8,0.2,,,0.0,0.0,17.4
24,17959,Derrick Henry,BAL,RB,9,DEN,0.0,0.0,0.0,95.4,0.9,1.1,7.8,0.1,,,0.0,0.0,17.3
25,14895,Geno Smith,SEA,QB,9,LAR,250.6,1.5,0.8,15.1,0.1,0.0,0.0,0.0,,,0.0,0.0,17.2
26,22587,Amon-Ra St. Brown,DET,WR,9,GB,0.0,0.0,0.0,0.7,0.0,6.3,70.2,0.6,,,0.0,0.0,16.9
27,24927,Caleb Williams,CHI,QB,9,ARI,224.4,1.4,0.8,25.2,0.1,0.0,0.0,0.0,,,0.0,0.0,16.8
28,24953,Malik Nabers,NYG,WR,9,WAS,0.0,0.0,0.0,1.1,0.0,6.4,73.9,0.5,,,0.0,0.0,16.8
29,23151,Drake London,ATL,WR,9,DAL,0.0,0.0,0.0,0.2,0.0,5.9,72.9,0.6,,,0.0,0.0,16.7
30,21841,Jordan Love,GB,QB,9,DET,234.5,1.7,0.8,8.0,0.1,0.0,0.0,0.0,,,0.0,0.0,16.7
31,9038,Matthew Stafford,LAR,QB,9,SEA,254.7,1.7,0.7,3.6,0.0,0.0,0.0,0.0,,,0.0,0.0,16.6
32,19790,Baker Mayfield,TB,QB,9,KC,237.6,1.5,0.9,14.4,0.1,0.0,0.0,0.0,,,0.0,0.0,16.5
33,24179,De'Von Achane,MIA,RB,9,BUF,0.0,0.0,0.0,53.4,0.4,4.2,34.4,0.2,,,0.0,0.0,16.5
34,21682,Jonathan Taylor,IND,RB,9,MIN,0.0,0.0,0.0,79.3,0.6,2.5,19.2,0.1,,,0.0,0.0,16.4
35,18082,Tyreek Hill,MIA,WR,9,BUF,0.0,0.0,0.0,3.3,0.0,5.7,74.6,0.5,,,0.0,0.0,16.4
36,25069,Bo Nix,DEN,QB,9,BAL,225.7,1.2,0.8,23.1,0.2,0.0,0.0,0.0,,,0.0,0.0,16.3
37,21677,Tua Tagovailoa,MIA,QB,9,BUF,241.6,1.5,0.8,9.5,0.1,0.0,0.0,0.0,,,0.0,0.0,16.3
38,17922,Jared Goff,DET,QB,9,GB,233.8,1.8,0.7,3.7,0.0,0.0,0.0,0.0,,,0.0,0.0,16.1
39,23239,C.J. Stroud,HOU,QB,9,NYJ,235.4,1.4,0.7,11.7,0.1,0.0,0.0,0.0,,,0.0,0.0,16.0
40,24374,Chase Brown,CIN,RB,9,LV,0.0,0.0,0.0,68.7,0.6,2.9,20.9,0.1,,,0.0,0.0,16.0
41,611,Joe Flacco,IND,QB,9,MIN,253.6,1.6,1.1,5.0,0.0,0.0,0.0,0.0,,,0.0,0.0,15.8
42,21681,Justin Herbert,LAC,QB,9,CLE,218.3,1.3,0.7,14.2,0.2,0.0,0.0,0.0,,,0.0,0.0,15.7
43,16762,Jameis Winston,CLE,QB,9,LAC,239.6,1.3,0.9,13.6,0.1,0.0,0.0,0.0,,,0.0,0.0,15.6
44,21674,J.K. Dobbins,LAC,RB,9,CLE,0.0,0.0,0.0,70.9,0.6,2.7,16.0,0.1,,,0.0,0.0,15.5
45,24172,Puka Nacua,LAR,WR,9,SEA,0.0,0.0,0.0,4.2,0.0,5.4,73.4,0.4,,,0.0,0.0,15.5
46,20841,Daniel Jones,NYG,QB,9,WAS,209.5,1.1,0.8,24.7,0.2,0.0,0.0,0.0,,,0.0,0.0,15.4
47,16311,Derek Carr,NO,QB,9,CAR,228.6,1.5,0.7,4.8,0.1,0.0,0.0,0.0,,,0.0,0.0,15.4
48,21684,D'Andre Swift,CHI,RB,9,ARI,0.0,0.0,0.0,70.8,0.5,2.5,23.2,0.1,,,0.0,0.0,15.4
49,18882,Cooper Kupp,LAR,WR,9,SEA,0.0,0.0,0.0,1.4,0.0,5.8,65.0,0.5,,,0.0,0.0,15.3
50,23247,James Cook,BUF,RB,9,MIA,0.0,0.0,0.0,69.7,0.6,2.2,19.6,0.1,,,0.0,0.0,15.2
51,18983,James Conner,ARI,RB,9,CHI,0.0,0.0,0.0,72.6,0.6,2.1,17.7,0.1,,,0.0,0.0,15.2
52,22565,Chris Olave,NO,WR,9,CAR,0.0,0.0,0.0,0.5,0.0,5.5,73.7,0.4,,,0.0,0.0,15.2
53,20912,Tony Pollard,TEN,RB,9,NE,0.0,0.0,0.0,70.9,0.5,2.7,17.9,0.1,,,0.0,0.0,15.1
54,2593,Aaron Rodgers,NYJ,QB,9,HOU,231.4,1.5,0.7,5.6,0.0,0.0,0.0,0.0,,,0.0,0.0,15.0
55,18944,Kareem Hunt,KC,RB,9,TB,0.0,0.0,0.0,72.8,0.7,1.7,12.7,0.1,,,0.0,0.0,14.9
56,22490,Trevor Lawrence,JAX,QB,9,PHI,216.9,1.3,0.8,13.2,0.1,0.0,0.0,0.0,,,0.0,0.0,14.9
57,20824,Josh Jacobs,GB,RB,9,DET,0.0,0.0,0.0,75.0,0.5,2.3,15.9,0.1,,,0.0,0.0,14.8
58,24943,Brock Bowers,LV,TE,9,CIN,0.0,0.0,0.0,0.2,0.0,6.0,64.4,0.4,,,0.0,0.0,14.8
59,21691,Chuba Hubbard,CAR,RB,9,NO,0.0,0.0,0.0,74.1,0.5,2.3,13.2,0.1,,,0.0,0.0,14.4
60,23122,Garrett Wilson,NYJ,WR,9,HOU,0.0,0.0,0.0,1.0,0.0,5.3,65.4,0.4,,,0.0,0.0,14.2
61,20873,Terry McLaurin,WAS,WR,9,NYG,0.0,0.0,0.0,0.6,0.0,5.0,68.6,0.4,,,0.0,0.0,14.2
62,20880,Gardner Minshew II,LV,QB,9,CIN,223.3,1.2,0.8,8.6,0.1,0.0,0.0,0.0,,,0.0,0.0,14.2
63,21687,DeVonta Smith,PHI,WR,9,JAX,0.0,0.0,0.0,0.1,0.0,5.2,64.7,0.4,,,0.0,0.0,14.0
64,16470,Davante Adams,NYJ,WR,9,HOU,0.0,0.0,0.0,0.1,0.0,5.0,60.3,0.5,,,0.0,0.0,13.9
65,23233,Jayden Reed,GB,WR,9,DET,0.0,0.0,0.0,10.1,0.1,4.3,57.1,0.4,,,0.0,0.0,13.9
66,15048,Travis Kelce,KC,TE,9,TB,0.0,0.0,0.0,0.2,0.0,5.7,58.0,0.4,,,0.0,0.0,13.8
67,24145,Josh Downs,IND,WR,9,MIN,0.0,0.0,0.0,1.1,0.0,5.8,60.2,0.3,,,0.0,0.0,13.6
68,24958,Drake Maye,NE,QB,9,TEN,180.2,0.9,0.8,25.8,0.2,0.0,0.0,0.0,,,0.0,0.0,13.5
69,22546,Rhamondre Stevenson,NE,RB,9,TEN,0.0,0.0,0.0,62.5,0.5,2.3,14.0,0.1,,,0.0,0.0,13.4
70,23190,Brian Robinson Jr.,WAS,RB,9,NYG,0.0,0.0,0.0,67.0,0.6,1.4,11.1,0.1,,,0.0,0.0,13.3
71,20882,David Montgomery,DET,RB,9,GB,0.0,0.0,0.0,59.9,0.6,1.7,14.4,0.1,,,0.0,0.0,13.2
72,23251,Trey McBride,ARI,TE,9,CHI,0.0,0.0,0.0,0.0,0.0,5.6,58.5,0.3,,,0.0,0.0,13.2
73,19844,DJ Moore,CHI,WR,9,ARI,0.0,0.0,0.0,2.5,0.0,4.7,58.3,0.4,,,0.0,0.0,13.1
74,23157,Jaxon Smith-Njigba,SEA,WR,9,LAR,0.0,0.0,0.0,0.2,0.0,5.4,58.8,0.3,,,0.0,0.0,13.0
75,20868,Alexander Mattison,LV,RB,9,CIN,0.0,0.0,0.0,51.8,0.4,2.7,21.6,0.1,,,0.0,0.0,12.9
76,20876,Jakobi Meyers,LV,WR,9,CIN,0.0,0.0,0.0,0.7,0.0,5.3,58.4,0.3,,,0.0,0.0,12.9
77,24176,Tank Dell,HOU,WR,9,NYJ,0.0,0.0,0.0,3.7,0.0,4.5,57.0,0.4,,,0.0,0.0,12.9
78,23120,Zay Flowers,BAL,WR,9,DEN,0.0,0.0,0.0,3.9,0.0,4.9,58.6,0.3,,,0.0,0.0,12.8
79,25092,Tyrone Tracy Jr.,NYG,RB,9,WAS,0.0,0.0,0.0,65.3,0.4,2.0,13.7,0.1,,,0.0,0.0,12.8
80,24974,Marvin Harrison Jr.,ARI,WR,9,CHI,0.0,0.0,0.0,0.1,0.0,4.0,58.9,0.5,,,0.0,0.0,12.8
81,19798,Nick Chubb,CLE,RB,9,LAC,0.0,0.0,0.0,61.4,0.6,1.4,10.5,0.1,,,0.0,0.0,12.7
82,21961,Darnell Mooney,ATL,WR,9,DAL,0.0,0.0,0.0,0.3,0.0,4.2,59.3,0.4,,,0.0,0.0,12.6
83,16765,Amari Cooper,CLE,WR,9,LAC,0.0,0.0,0.0,0.1,0.0,4.5,57.3,0.4,,,0.0,0.0,12.5
84,25097,Ladd McConkey,LAC,WR,9,CLE,0.0,0.0,0.0,0.3,0.0,4.5,55.8,0.4,,,0.0,0.0,12.5
85,21744,Michael Pittman Jr.,IND,WR,9,MIN,0.0,0.0,0.0,0.1,0.0,4.8,53.7,0.4,,,0.0,0.0,12.5
86,19850,Mason Rudolph,TEN,QB,9,NE,171.6,1.0,0.5,10.6,0.2,0.0,0.0,0.0,,,0.0,0.0,12.4
87,23227,Khalil Shakir,BUF,WR,9,MIA,0.0,0.0,0.0,0.7,0.0,4.9,56.4,0.3,,,0.0,0.0,12.4
88,18876,David Njoku,CLE,TE,9,LAC,0.0,0.0,0.0,0.0,0.0,4.8,52.7,0.4,,,0.0,0.0,12.4
89,22598,Jaylen Waddle,MIA,WR,9,BUF,0.0,0.0,0.0,1.0,0.0,4.5,58.3,0.3,,,0.0,0.0,12.1
90,19800,Courtland Sutton,DEN,WR,9,BAL,0.0,0.0,0.0,0.1,0.0,4.1,57.1,0.4,,,0.0,0.0,12.1
91,19802,Calvin Ridley,TEN,WR,9,NE,0.0,0.0,0.0,3.2,0.0,4.1,58.9,0.3,,,0.0,0.0,12.0
92,22558,Javonte Williams,DEN,RB,9,BAL,0.0,0.0,0.0,41.0,0.3,3.3,23.0,0.1,,,0.0,0.0,12.0
93,23132,Bryce Young,CAR,QB,9,NO,180.6,1.0,0.8,11.5,0.1,0.0,0.0,0.0,,,0.0,0.0,12.0
94,23134,Cade Otton,TB,TE,9,KC,0.0,0.0,0.0,0.1,0.0,4.7,48.4,0.4,,,0.0,0.0,11.9
95,21077,Diontae Johnson,CAR,WR,9,NO,0.0,0.0,0.0,1.6,0.0,4.4,55.8,0.3,,,0.0,0.0,11.8
96,18912,Evan Engram,JAX,TE,9,PHI,0.0,0.0,0.0,0.0,0.0,5.2,48.8,0.3,,,0.0,0.0,11.8
97,16830,Tyler Lockett,SEA,WR,9,LAR,0.0,0.0,0.0,0.1,0.0,4.5,54.7,0.3,,,0.0,0.0,11.7
98,23270,Will Levis,TEN,QB,9,NE,176.0,1.0,0.8,9.6,0.1,0.0,0.0,0.0,,,0.0,0.0,11.6
99,24348,Cedric Tillman,CLE,WR,9,LAC,0.0,0.0,0.0,0.3,0.0,4.2,55.7,0.3,,,0.0,0.0,11.6
100,24924,Xavier Worthy,KC,WR,9,TB,0.0,0.0,0.0,5.4,0.1,3.5,44.1,0.4,,,0.0,0.0,11.4
101,23170,Wan'Dale Robinson,NYG,WR,9,WAS,0.0,0.0,0.0,2.6,0.0,5.2,41.8,0.3,,,0.0,0.0,11.4
102,22508,Kyle Pitts,ATL,TE,9,DAL,0.0,0.0,0.0,0.0,0.0,3.8,51.3,0.4,,,0.0,0.0,11.3
103,21952,Rico Dowdle,DAL,RB,9,ATL,0.0,0.0,0.0,46.1,0.3,2.4,18.6,0.1,,,0.0,0.0,11.2
104,23138,Jake Ferguson,DAL,TE,9,ATL,0.0,0.0,0.0,0.0,0.0,4.9,44.6,0.3,,,0.0,0.0,11.1
105,14688,Justin Tucker,BAL,K,9,DEN,0.0,0.0,0.0,0.0,0.0,0.0,0.0,0.0,,,0.0,0.0,11.0
106,16765,Amari Cooper,BUF,WR,9,MIA,0.0,0.0,0.0,0.1,0.0,3.5,50.4,0.4,,,0.0,0.0,10.9
107,24933,Brian Thomas Jr.,JAX,WR,9,PHI,0.0,0.0,0.0,1.2,0.0,3.6,53.8,0.3,,,0.0,0.0,10.9
108,23217,Rachaad White,TB,RB,9,KC,0.0,0.0,0.0,30.2,0.1,3.4,27.7,0.2,,,0.0,0.0,10.9
109,23167,Romeo Doubs,GB,WR,9,DET,0.0,0.0,0.0,0.1,0.0,3.9,51.0,0.3,,,0.0,0.0,10.7
110,21692,Jerry Jeudy,CLE,WR,9,LAC,0.0,0.0,0.0,0.2,0.0,3.7,51.5,0.3,,,0.0,0.0,10.6
111,14986,DeAndre Hopkins,KC,WR,9,TB,0.0,0.0,0.0,0.2,0.0,3.6,45.8,0.4,,,0.0,0.0,10.5
112,24102,Dalton Kincaid,BUF,TE,9,MIA,0.0,0.0,0.0,0.0,0.0,4.2,43.6,0.3,,,0.0,0.0,10.4
113,24964,Keon Coleman,BUF,WR,9,MIA,0.0,0.0,0.0,0.1,0.0,3.4,51.6,0.3,,,0.0,0.0,10.3
114,15076,Keenan Allen,CHI,WR,9,ARI,0.0,0.0,0.0,0.1,0.0,4.0,42.5,0.3,,,0.0,0.0,10.0
115,24967,Bucky Irving,TB,RB,9,KC,0.0,0.0,0.0,38.7,0.3,2.1,16.8,0.1,,,0.0,0.0,9.9
116,23141,Sam LaPorta,DET,TE,9,GB,0.0,0.0,0.0,0.0,0.0,3.4,40.9,0.4,,,0.0,0.0,9.9
117,25098,Jalen McMillan,TB,WR,9,KC,0.0,0.0,0.0,1.9,0.0,3.6,42.9,0.3,,,0.0,0.0,9.9
118,23162,Jordan Addison,MIN,WR,9,IND,0.0,0.0,0.0,0.9,0.0,3.2,45.7,0.3,,,0.0,0.0,9.7
119,24118,Tucker Kraft,GB,TE,9,DET,0.0,0.0,0.0,0.1,0.0,3.3,39.5,0.4,,,0.0,0.0,9.7
120,25003,Xavier Legette,CAR,WR,9,NO,0.0,0.0,0.0,2.1,0.0,3.5,40.3,0.3,,,0.0,0.0,9.5
121,24436,Chad Ryland,ARI,K,9,CHI,0.0,0.0,0.0,0.0,0.0,0.0,0.0,0.0,,,0.0,0.0,9.5
122,22597,Jalen Tolbert,DAL,WR,9,ATL,0.0,0.0,0.0,0.2,0.0,3.5,41.3,0.3,,,0.0,0.0,9.4
123,21696,Travis Etienne Jr.,JAX,RB,9,PHI,0.0,0.0,0.0,31.3,0.2,2.8,18.2,0.1,,,0.0,0.0,9.4
124,24902,Brandon Aubrey,DAL,K,9,ATL,0.0,0.0,0.0,0.0,0.0,0.0,0.0,0.0,,,0.0,0.0,9.4
125,19562,Austin Ekeler,WAS,RB,9,NYG,0.0,0.0,0.0,26.7,0.2,2.6,24.2,0.1,,,0.0,0.0,9.4
126,19920,Dalton Schultz,HOU,TE,9,NYJ,0.0,0.0,0.0,0.0,0.0,3.7,38.3,0.3,,,0.0,0.0,9.3
127,19803,Mark Andrews,BAL,TE,9,DEN,0.0,0.0,0.0,0.0,0.0,3.2,37.1,0.4,,,0.0,0.0,9.3
128,17217,Raheem Mostert,MIA,RB,9,BUF,0.0,0.0,0.0,41.6,0.4,1.2,10.1,0.1,,,0.0,0.0,9.3
129,23193,Tank Bigsby,JAX,RB,9,PHI,0.0,0.0,0.0,54.1,0.4,0.9,6.1,0.0,,,0.0,0.0,9.2
130,19565,Younghoe Koo,ATL,K,9,DAL,0.0,0.0,0.0,0.0,0.0,0.0,0.0,0.0,,,0.0,0.0,9.2
131,19073,Harrison Butker,KC,K,9,TB,0.0,0.0,0.0,0.0,0.0,0.0,0.0,0.0,,,0.0,0.0,9.2
132,20805,T.J. Hockenson,MIN,TE,9,IND,0.0,0.0,0.0,0.0,0.0,3.6,37.6,0.3,,,0.0,0.0,9.2
133,24977,Rome Odunze,CHI,WR,9,ARI,0.0,0.0,0.0,1.8,0.0,3.3,45.0,0.2,,,0.0,0.0,9.1
134,22592,Elijah Moore,CLE,WR,9,LAC,0.0,0.0,0.0,0.4,0.0,3.8,39.1,0.2,,,0.0,0.0,8.9
135,24180,DeMario Douglas,NE,WR,9,TEN,0.0,0.0,0.0,1.5,0.0,3.7,39.8,0.2,,,0.0,0.0,8.9
136,21114,Austin Seibert,WAS,K,9,NYG,0.0,0.0,0.0,0.0,0.0,0.0,0.0,0.0,,,0.0,0.0,8.9
137,14856,Zach Ertz,WAS,TE,9,NYG,0.0,0.0,0.0,0.0,0.0,3.7,39.3,0.2,,,0.0,0.0,8.8
138,23395,Christian Watson,GB,WR,9,DET,0.0,0.0,0.0,0.7,0.0,2.9,40.4,0.3,,,0.0,0.0,8.8
139,21772,Cole Kmet,CHI,TE,9,ARI,0.0,0.0,0.0,0.0,0.0,3.3,36.6,0.3,,,0.0,0.0,8.8
140,24226,Quentin Johnston,LAC,WR,9,CLE,0.0,0.0,0.0,0.4,0.0,3.1,37.8,0.3,,,0.0,0.0,8.7
141,25122,Jalen Coker,CAR,WR,9,NO,0.0,0.0,0.0,0.1,0.0,3.3,41.5,0.2,,,0.0,0.0,8.7
142,14996,Brandon McManus,GB,K,9,DET,0.0,0.0,0.0,0.0,0.0,0.0,0.0,0.0,,,0.0,0.0,8.6
143,17975,Hunter Henry,NE,TE,9,TEN,0.0,0.0,0.0,0.0,0.0,3.4,39.2,0.2,,,0.0,0.0,8.5
144,20943,Darius Slayton,NYG,WR,9,WAS,0.0,0.0,0.0,0.1,0.0,3.0,43.1,0.2,,,0.0,0.0,8.5
145,14986,DeAndre Hopkins,TEN,WR,9,NE,0.0,0.0,0.0,0.1,0.0,3.3,39.4,0.2,,,0.0,0.0,8.3
146,19853,Mike Gesicki,CIN,TE,9,LV,0.0,0.0,0.0,0.0,0.0,3.4,37.0,0.2,,,0.0,0.0,8.3
147,22108,Tyler Bass,BUF,K,9,MIA,0.0,0.0,0.0,0.0,0.0,0.0,0.0,0.0,,,0.0,0.0,8.3
148,21735,Gabe Davis,JAX,WR,9,PHI,0.0,0.0,0.0,0.1,0.0,2.8,36.6,0.3,,,0.0,0.0,8.3
149,19238,Taysom Hill,NO,QB,9,CAR,0.0,0.0,0.0,25.8,0.4,1.3,13.5,0.1,,,0.0,0.0,8.2
150,18990,Jonnu Smith,MIA,TE,9,BUF,0.0,0.0,0.0,0.0,0.0,3.4,35.9,0.2,,,0.0,0.0,8.2
151,24173,Michael Wilson,ARI,WR,9,CHI,0.0,0.0,0.0,0.2,0.0,2.9,33.4,0.3,,,0.0,0.0,8.1
152,23173,Zach Charbonnet,SEA,RB,9,LAR,0.0,0.0,0.0,21.2,0.2,2.4,18.0,0.1,,,0.0,0.0,8.0
153,19961,Ray-Ray McCloud III,ATL,WR,9,DAL,0.0,0.0,0.0,3.8,0.0,3.0,32.4,0.2,,,0.0,0.0,7.8
154,22908,Evan McPherson,CIN,K,9,LV,0.0,0.0,0.0,0.0,0.0,0.0,0.0,0.0,,,0.0,0.0,7.8
155,21077,Diontae Johnson,BAL,WR,9,DEN,0.0,0.0,0.0,0.6,0.0,2.6,32.8,0.3,,,0.0,0.0,7.7
156,22623,Rashod Bateman,BAL,WR,9,DEN,0.0,0.0,0.0,0.1,0.0,2.6,38.8,0.2,,,0.0,0.0,7.7
157,25113,Will Reichard,MIN,K,9,IND,0.0,0.0,0.0,0.0,0.0,0.0,0.0,0.0,,,0.0,0.0,7.7
158,24506,Blake Grupe,NO,K,9,CAR,0.0,0.0,0.0,0.0,0.0,0.0,0.0,0.0,,,0.0,0.0,7.7
159,18215,Ka'imi Fairbairn,HOU,K,9,NYJ,0.0,0.0,0.0,0.0,0.0,0.0,0.0,0.0,,,0.0,0.0,7.7
160,17215,Jason Myers,SEA,K,9,LAR,0.0,0.0,0.0,0.0,0.0,0.0,0.0,0.0,,,0.0,0.0,7.6
161,23250,Tyler Allgeier,ATL,RB,9,DAL,0.0,0.0,0.0,44.8,0.2,1.1,8.0,0.0,,,0.0,0.0,7.5
162,24177,Tre Tucker,LV,WR,9,CIN,0.0,0.0,0.0,3.3,0.0,2.7,32.3,0.2,,,0.0,0.0,7.5
163,22613,Joshua Palmer,LAC,WR,9,CLE,0.0,0.0,0.0,0.1,0.0,2.6,36.5,0.2,,,0.0,0.0,7.5
164,17961,Sterling Shepard,TB,WR,9,KC,0.0,0.0,0.0,0.6,0.0,2.9,32.4,0.2,,,0.0,0.0,7.4
165,23567,Cameron Dicker,LAC,K,9,CLE,0.0,0.0,0.0,0.0,0.0,0.0,0.0,0.0,,,0.0,0.0,7.4
166,23232,Alec Pierce,IND,WR,9,MIN,0.0,0.0,0.0,0.1,0.0,2.2,39.7,0.2,,,0.0,0.0,7.4
167,19950,Will Dissly,LAC,TE,9,CLE,0.0,0.0,0.0,0.0,0.0,3.1,30.6,0.2,,,0.0,0.0,7.4
168,17986,Tyler Boyd,TEN,WR,9,NE,0.0,0.0,0.0,0.2,0.0,3.1,31.3,0.2,,,0.0,0.0,7.3
169,19080,Noah Brown,WAS,WR,9,NYG,0.0,0.0,0.0,0.1,0.0,2.5,35.9,0.2,,,0.0,0.0,7.3
170,23253,Dontayvion Wicks,GB,WR,9,DET,0.0,0.0,0.0,0.3,0.0,2.4,30.3,0.3,,,0.0,0.0,7.3
171,24119,Andrei Iosivas,CIN,WR,9,LV,0.0,0.0,0.0,0.2,0.0,2.4,29.8,0.3,,,0.0,0.0,7.2
172,19041,Jake Elliott,PHI,K,9,JAX,0.0,0.0,0.0,0.0,0.0,0.0,0.0,0.0,,,0.0,0.0,7.1
173,25106,AJ Barner,SEA,TE,9,LAR,0.0,0.0,0.0,0.0,0.0,2.9,30.3,0.2,,,0.0,0.0,7.1
174,24143,Parker Washington,JAX,WR,9,PHI,0.0,0.0,0.0,0.2,0.0,2.7,31.4,0.2,,,0.0,0.0,7.1
175,22863,Riley Patterson,NYJ,K,9,HOU,0.0,0.0,0.0,0.0,0.0,0.0,0.0,0.0,,,0.0,0.0,7.0
176,21738,Juwan Johnson,NO,TE,9,CAR,0.0,0.0,0.0,0.0,0.0,2.8,30.0,0.2,,,0.0,0.0,7.0
177,18047,Demarcus Robinson,LAR,WR,9,SEA,0.0,0.0,0.0,0.2,0.0,2.4,33.4,0.2,,,0.0,0.0,7.0
178,14867,Dustin Hopkins,CLE,K,9,LAC,0.0,0.0,0.0,0.0,0.0,0.0,0.0,0.0,,,0.0,0.0,7.0
179,20769,Matt Gay,IND,K,9,MIN,0.0,0.0,0.0,0.0,0.0,0.0,0.0,0.0,,,0.0,0.0,7.0
180,11694,Nick Folk,TEN,K,9,NE,0.0,0.0,0.0,0.0,0.0,0.0,0.0,0.0,,,0.0,0.0,7.0
181,24934,Braelon Allen,NYJ,RB,9,HOU,0.0,0.0,0.0,27.9,0.3,1.1,7.5,0.1,,,0.0,0.0,6.9
182,20933,Miles Sanders,CAR,RB,9,NO,0.0,0.0,0.0,15.6,0.2,2.2,14.6,0.1,,,0.0,0.0,6.9
183,24973,Troy Franklin,DEN,WR,9,BAL,0.0,0.0,0.0,0.9,0.0,2.5,31.2,0.2,,,0.0,0.0,6.9
184,19988,Tyler Conklin,NYJ,TE,9,HOU,0.0,0.0,0.0,0.0,0.0,2.9,27.4,0.2,,,0.0,0.0,6.8
185,25422,Brayden Narveson,GB,K,9,DET,0.0,0.0,0.0,0.0,0.0,0.0,0.0,0.0,,,0.0,0.0,6.8
186,25198,Devaughn Vele,DEN,WR,9,BAL,0.0,0.0,0.0,0.0,0.0,2.6,29.9,0.2,,,0.0,0.0,6.8
187,25409,Mason Tipton,NO,WR,9,CAR,0.0,0.0,0.0,0.0,0.0,2.6,29.9,0.2,,,0.0,0.0,6.8
188,23486,Grant Calcaterra,PHI,TE,9,JAX,0.0,0.0,0.0,0.0,0.0,2.5,29.6,0.2,,,0.0,0.0,6.7
189,18422,Kalif Raymond,DET,WR,9,GB,0.0,0.0,0.0,1.9,0.0,2.3,29.3,0.2,,,0.0,0.0,6.6
190,24960,Cam Little,JAX,K,9,PHI,0.0,0.0,0.0,0.0,0.0,0.0,0.0,0.0,,,0.0,0.0,6.6
191,24339,Jake Bobo,SEA,WR,9,LAR,0.0,0.0,0.0,0.3,0.0,2.4,28.6,0.2,,,0.0,0.0,6.5
192,24530,Jake Bates,DET,K,9,GB,0.0,0.0,0.0,0.0,0.0,0.0,0.0,0.0,,,0.0,0.0,6.4
193,21807,Colby Parkinson,LAR,TE,9,SEA,0.0,0.0,0.0,0.0,0.0,2.6,26.0,0.2,,,0.0,0.0,6.4
194,20033,Jason Sanders,MIA,K,9,BUF,0.0,0.0,0.0,0.0,0.0,0.0,0.0,0.0,,,0.0,0.0,6.4
195,23256,Isaiah Likely,BAL,TE,9,DEN,0.0,0.0,0.0,0.0,0.0,2.5,26.5,0.2,,,0.0,0.0,6.3
196,19207,Tim Patrick,DET,WR,9,GB,0.0,0.0,0.0,0.1,0.0,2.2,29.0,0.2,,,0.0,0.0,6.3
197,25121,Joshua Karty,LAR,K,9,SEA,0.0,0.0,0.0,0.0,0.0,0.0,0.0,0.0,,,0.0,0.0,6.3
198,22644,DJ Turner,LV,WR,9,CIN,0.0,0.0,0.0,2.2,0.0,2.2,26.1,0.2,,,0.0,0.0,6.2
199,23368,Jalen Nailor,MIN,WR,9,IND,0.0,0.0,0.0,0.4,0.0,2.1,28.6,0.2,,,0.0,0.0,6.2
200,20802,Justice Hill,BAL,RB,9,DEN,0.0,0.0,0.0,12.9,0.1,2.0,17.0,0.1,,,0.0,0.0,6.2
201,23205,Jerome Ford,CLE,RB,9,LAC,0.0,0.0,0.0,19.5,0.1,1.8,12.1,0.1,,,0.0,0.0,6.2
202,21734,Nick Westbrook-Ikhine,TEN,WR,9,NE,0.0,0.0,0.0,0.2,0.0,2.1,28.4,0.2,,,0.0,0.0,6.2
203,23121,Kayshon Boutte,NE,WR,9,TEN,0.0,0.0,0.0,0.3,0.0,1.9,29.7,0.2,,,0.0,0.0,6.1
204,16301,Cairo Santos,CHI,K,9,ARI,0.0,0.0,0.0,0.0,0.0,0.0,0.0,0.0,,,0.0,0.0,6.1
205,21785,Noah Gray,KC,TE,9,TB,0.0,0.0,0.0,0.0,0.0,2.5,28.9,0.1,,,0.0,0.0,6.0
206,20816,Lil'Jordan Humphrey,DEN,WR,9,BAL,0.0,0.0,0.0,0.0,0.0,2.2,25.8,0.2,,,0.0,0.0,6.0
207,24068,KaVontae Turpin,DAL,WR,9,ATL,0.0,0.0,0.0,3.8,0.0,2.1,22.2,0.2,,,0.0,0.0,5.9
208,24217,Trey Palmer,TB,WR,9,KC,0.0,0.0,0.0,0.4,0.0,2.0,26.6,0.2,,,0.0,0.0,5.9
209,23489,Chigoziem Okonkwo,TEN,TE,9,NE,0.0,0.0,0.0,0.1,0.0,2.4,22.9,0.2,,,0.0,0.0,5.9
210,19989,Daniel Carlson,LV,K,9,CIN,0.0,0.0,0.0,0.0,0.0,0.0,0.0,0.0,,,0.0,0.0,5.9
211,23160,John Metchie III,HOU,WR,9,NYJ,0.0,0.0,0.0,0.4,0.0,2.1,23.7,0.2,,,0.0,0.0,5.7
212,20941,Devin Singletary,NYG,RB,9,WAS,0.0,0.0,0.0,21.0,0.2,1.4,9.9,0.0,,,0.0,0.0,5.7
213,21142,Olamide Zaccheaus,WAS,WR,9,NYG,0.0,0.0,0.0,0.3,0.0,2.1,22.7,0.2,,,0.0,0.0,5.6
214,25079,Kimani Vidal,LAC,RB,9,CLE,0.0,0.0,0.0,18.2,0.2,0.9,9.9,0.1,,,0.0,0.0,5.5
215,24311,Jaleel McLaughlin,DEN,RB,9,BAL,0.0,0.0,0.0,19.0,0.1,1.5,9.0,0.1,,,0.0,0.0,5.5
216,24347,Xavier Hutchinson,HOU,WR,9,NYJ,0.0,0.0,0.0,0.9,0.0,2.1,27.1,0.1,,,0.0,0.0,5.5
217,24372,Roschon Johnson,CHI,RB,9,ARI,0.0,0.0,0.0,19.2,0.3,1.0,8.2,0.0,,,0.0,0.0,5.4
218,20149,Eddy Pi√±eiro,CAR,K,9,NO,0.0,0.0,0.0,0.0,0.0,0.0,0.0,0.0,,,0.0,0.0,5.4
219,21542,Chase McLaughlin,TB,K,9,KC,0.0,0.0,0.0,0.0,0.0,0.0,0.0,0.0,,,0.0,0.0,5.4
220,18478,Wil Lutz,DEN,K,9,BAL,0.0,0.0,0.0,0.0,0.0,0.0,0.0,0.0,,,0.0,0.0,5.4
221,21519,Joey Slye,NE,K,9,TEN,0.0,0.0,0.0,0.0,0.0,0.0,0.0,0.0,,,0.0,0.0,5.4
222,24980,Ray Davis,BUF,RB,9,MIA,0.0,0.0,0.0,26.9,0.2,0.9,6.9,0.0,,,0.0,0.0,5.4
223,19120,David Moore,CAR,WR,9,NO,0.0,0.0,0.0,0.4,0.0,2.0,26.7,0.1,,,0.0,0.0,5.3
224,23158,Jermaine Burton,CIN,WR,9,LV,0.0,0.0,0.0,0.1,0.0,1.7,23.7,0.2,,,0.0,0.0,5.3
225,21861,Antonio Gibson,NE,RB,9,TEN,0.0,0.0,0.0,23.2,0.1,1.2,10.4,0.0,,,0.0,0.0,5.1
226,21071,Greg Dortch,ARI,WR,9,CHI,0.0,0.0,0.0,0.6,0.0,2.2,21.4,0.1,,,0.0,0.0,5.0
227,22602,Tutu Atwell,LAR,WR,9,SEA,0.0,0.0,0.0,0.9,0.0,1.9,24.0,0.1,,,0.0,0.0,5.0
228,14871,Robert Woods,HOU,WR,9,NYJ,0.0,0.0,0.0,0.2,0.0,2.0,22.4,0.1,,,0.0,0.0,4.9
229,24954,Adonai Mitchell,IND,WR,9,MIN,0.0,0.0,0.0,0.7,0.0,1.9,22.1,0.1,,,0.0,0.0,4.8
230,20990,Trayveon Williams,CIN,RB,9,LV,0.0,0.0,0.0,16.6,0.1,1.1,7.8,0.1,,,0.0,0.0,4.7
231,18993,Samaje Perine,KC,RB,9,TB,0.0,0.0,0.0,7.0,0.1,1.5,13.3,0.1,,,0.0,0.0,4.7
232,23142,Theo Johnson,NYG,TE,9,WAS,0.0,0.0,0.0,0.0,0.0,2.0,21.1,0.1,,,0.0,0.0,4.7
233,24947,Ja'Tavion Sanders,CAR,TE,9,NO,0.0,0.0,0.0,0.0,0.0,2.0,19.5,0.1,,,0.0,0.0,4.5
234,25208,Erick All Jr.,CIN,TE,9,LV,0.0,0.0,0.0,0.0,0.0,2.1,17.2,0.1,,,0.0,0.0,4.4
235,24223,Brenton Strange,JAX,TE,9,PHI,0.0,0.0,0.0,0.0,0.0,1.8,19.8,0.1,,,0.0,0.0,4.4
236,23650,Lucas Krull,DEN,TE,9,BAL,0.0,0.0,0.0,0.0,0.0,1.8,19.2,0.1,,,0.0,0.0,4.3
237,20884,Foster Moreau,NO,TE,9,CAR,0.0,0.0,0.0,0.0,0.0,1.4,17.1,0.2,,,0.0,0.0,4.3
238,20013,Cedrick Wilson Jr.,NO,WR,9,CAR,0.0,0.0,0.0,0.2,0.0,1.7,19.7,0.1,,,0.0,0.0,4.3
239,23161,Jonathan Mingo,CAR,WR,9,NO,0.0,0.0,0.0,0.6,0.0,1.7,18.6,0.1,,,0.0,0.0,4.2
240,21852,Ty Chandler,MIN,RB,9,IND,0.0,0.0,0.0,20.6,0.1,0.9,6.1,0.0,,,0.0,0.0,4.2
241,19922,Justin Watson,KC,WR,9,TB,0.0,0.0,0.0,0.0,0.0,1.5,20.0,0.1,,,0.0,0.0,4.1
242,18914,Mike Williams,NYJ,WR,9,HOU,0.0,0.0,0.0,0.0,0.0,1.5,20.0,0.1,,,0.0,0.0,4.1
243,24375,Josh Whyle,TEN,TE,9,NE,0.0,0.0,0.0,0.0,0.0,1.7,17.9,0.1,,,0.0,0.0,4.1
244,25678,Jude McAtamney,NYG,K,9,WAS,0.0,0.0,0.0,0.0,0.0,0.0,0.0,0.0,,,0.0,0.0,4.0
245,22662,Tommy Tremble,CAR,TE,9,NO,0.0,0.0,0.0,0.0,0.0,1.7,16.3,0.1,,,0.0,0.0,3.9
246,20788,Mecole Hardman,KC,WR,9,TB,0.0,0.0,0.0,2.1,0.0,1.4,16.4,0.1,,,0.0,0.0,3.9
247,18900,Mo Alie-Cox,IND,TE,9,MIN,0.0,0.0,0.0,0.0,0.0,1.4,18.3,0.1,,,0.0,0.0,3.8
248,17963,Austin Hooper,NE,TE,9,TEN,0.0,0.0,0.0,0.0,0.0,1.6,15.8,0.1,,,0.0,0.0,3.8
249,23586,Julius Chestnut,TEN,RB,9,NE,0.0,0.0,0.0,19.3,0.1,0.6,5.7,0.0,,,0.0,0.0,3.7
250,23166,Rakim Jarrett,TB,WR,9,KC,0.0,0.0,0.0,0.2,0.0,1.3,16.9,0.1,,,0.0,0.0,3.6
251,19626,Dare Ogunbowale,HOU,RB,9,NYJ,0.0,0.0,0.0,8.5,0.0,1.6,11.4,0.0,,,0.0,0.0,3.6
252,24397,Jalen Brooks,DAL,WR,9,ATL,0.0,0.0,0.0,0.0,0.0,1.3,16.2,0.1,,,0.0,0.0,3.5
253,19318,Kendrick Bourne,NE,WR,9,TEN,0.0,0.0,0.0,0.2,0.0,1.4,14.7,0.1,,,0.0,0.0,3.5
254,24987,Luke McCaffrey,WAS,WR,9,NYG,0.0,0.0,0.0,0.3,0.0,1.4,13.8,0.1,,,0.0,0.0,3.4
255,22539,Zamir White,LV,RB,9,CIN,0.0,0.0,0.0,17.7,0.1,0.7,4.3,0.0,,,0.0,0.0,3.4
256,25201,Jordan Whittington,LAR,WR,9,SEA,0.0,0.0,0.0,0.0,0.0,1.3,14.8,0.1,,,0.0,0.0,3.4
257,21263,Trenton Irwin,CIN,WR,9,LV,0.0,0.0,0.0,0.1,0.0,1.3,14.6,0.1,,,0.0,0.0,3.4
258,24309,Emanuel Wilson,GB,RB,9,DET,0.0,0.0,0.0,17.3,0.1,0.6,4.4,0.0,,,0.0,0.0,3.4
259,24952,Ja'Lynn Polk,NE,WR,9,TEN,0.0,0.0,0.0,0.1,0.0,1.3,14.5,0.1,,,0.0,0.0,3.4
260,16389,Odell Beckham Jr.,MIA,WR,9,BUF,0.0,0.0,0.0,0.1,0.0,1.2,15.5,0.1,,,0.0,0.0,3.4
261,16781,Nelson Agholor,BAL,WR,9,DEN,0.0,0.0,0.0,0.1,0.0,1.2,15.2,0.1,,,0.0,0.0,3.3
262,19843,Hayden Hurst,LAC,TE,9,CLE,0.0,0.0,0.0,0.0,0.0,1.3,14.2,0.1,,,0.0,0.0,3.3
263,24194,Sean Tucker,TB,RB,9,KC,0.0,0.0,0.0,15.0,0.1,0.6,5.8,0.0,,,0.0,0.0,3.3
264,24986,Cade Stover,HOU,TE,9,NYJ,0.0,0.0,0.0,0.0,0.0,1.3,13.6,0.1,,,0.0,0.0,3.3
265,12841,Andy Dalton,CAR,QB,9,NO,51.7,0.3,0.3,2.9,0.0,0.0,0.0,0.0,,,0.0,0.0,3.3
266,21786,Adam Trautman,DEN,TE,9,BAL,0.0,0.0,0.0,0.0,0.0,1.2,13.6,0.1,,,0.0,0.0,3.2
267,20850,Dawson Knox,BUF,TE,9,MIA,0.0,0.0,0.0,0.0,0.0,1.2,13.6,0.1,,,0.0,0.0,3.2
268,23165,Marvin Mims Jr.,DEN,WR,9,BAL,0.0,0.0,0.0,0.9,0.0,1.0,13.6,0.1,,,0.0,0.0,3.0
269,23155,Jahan Dotson,PHI,WR,9,JAX,0.0,0.0,0.0,0.6,0.0,1.1,12.9,0.1,,,0.0,0.0,3.0
270,20837,Ty Johnson,BUF,RB,9,MIA,0.0,0.0,0.0,6.8,0.0,1.0,7.3,0.1,,,0.0,0.0,3.0
271,18926,Zay Jones,ARI,WR,9,CHI,0.0,0.0,0.0,0.1,0.0,1.1,12.6,0.1,,,0.0,0.0,3.0
272,19976,Marquez Valdes-Scantling,BUF,WR,9,MIA,0.0,0.0,0.0,0.1,0.0,1.0,13.4,0.1,,,0.0,0.0,3.0
273,21783,Harrison Bryant,LV,TE,9,CIN,0.0,0.0,0.0,0.0,0.0,1.2,11.3,0.1,,,0.0,0.0,2.9
274,22892,Tim Jones,JAX,WR,9,PHI,0.0,0.0,0.0,0.2,0.0,1.0,13.1,0.1,,,0.0,0.0,2.9
275,19903,Jordan Akins,CLE,TE,9,LAC,0.0,0.0,0.0,0.0,0.0,1.1,12.1,0.1,,,0.0,0.0,2.9
276,24609,Emari Demercado,ARI,RB,9,CHI,0.0,0.0,0.0,9.6,0.1,0.8,5.5,0.0,,,0.0,0.0,2.9
277,22686,Dyami Brown,WAS,WR,9,NYG,0.0,0.0,0.0,0.1,0.0,1.0,12.8,0.1,,,0.0,0.0,2.9
278,18872,Dalvin Cook,DAL,RB,9,ATL,0.0,0.0,0.0,10.7,0.1,0.7,5.0,0.0,,,0.0,0.0,2.9
279,24116,Blake Corum,LAR,RB,9,SEA,0.0,0.0,0.0,16.6,0.1,0.3,2.3,0.0,,,0.0,0.0,2.8
280,23010,Brock Wright,DET,TE,9,GB,0.0,0.0,0.0,0.0,0.0,1.1,10.8,0.1,,,0.0,0.0,2.8
281,22562,Kenneth Gainwell,PHI,RB,9,JAX,0.0,0.0,0.0,11.5,0.0,0.9,6.7,0.0,,,0.0,0.0,2.7
282,18018,Jacoby Brissett,NE,QB,9,TEN,41.5,0.2,0.1,3.4,0.0,0.0,0.0,0.0,,,0.0,0.0,2.7
283,24214,Keaton Mitchell,BAL,RB,9,DEN,0.0,0.0,0.0,11.5,0.1,0.6,4.3,0.0,,,0.0,0.0,2.7
284,21697,Laviska Shenault Jr.,SEA,WR,9,LAR,0.0,0.0,0.0,1.9,0.0,0.9,9.5,0.1,,,0.0,0.0,2.6
285,24310,Jordan Mims,NO,RB,9,CAR,0.0,0.0,0.0,15.8,0.0,0.5,3.7,0.0,,,0.0,0.0,2.5
286,24939,Carson Steele,KC,RB,9,TB,0.0,0.0,0.0,10.0,0.1,0.5,3.4,0.0,,,0.0,0.0,2.4
287,24923,Jaylen Wright,MIA,RB,9,BUF,0.0,0.0,0.0,14.9,0.1,0.2,1.5,0.0,,,0.0,0.0,2.4
288,19304,Pharaoh Brown,SEA,TE,9,LAR,0.0,0.0,0.0,0.0,0.0,0.9,9.1,0.1,,,0.0,0.0,2.4
289,24449,Elijah Higgins,ARI,TE,9,CHI,0.0,0.0,0.0,0.0,0.0,1.0,7.2,0.1,,,0.0,0.0,2.3
290,18957,D'Onta Foreman,CLE,RB,9,LAC,0.0,0.0,0.0,12.0,0.1,0.3,2.1,0.0,,,0.0,0.0,2.3
291,24292,Trey Benson,ARI,RB,9,CHI,0.0,0.0,0.0,12.6,0.1,0.2,1.7,0.0,,,0.0,0.0,2.2
292,21801,Trey Sermon,IND,RB,9,MIN,0.0,0.0,0.0,9.3,0.1,0.4,2.5,0.0,,,0.0,0.0,2.2
293,20398,Equanimeous St. Brown,NO,WR,9,CAR,0.0,0.0,0.0,0.0,0.0,0.7,8.7,0.1,,,0.0,0.0,2.2
294,18019,Nick Vannett,TEN,TE,9,NE,0.0,0.0,0.0,0.0,0.0,0.9,6.7,0.1,,,0.0,0.0,2.2
295,22645,Simi Fehoko,LAC,WR,9,CLE,0.0,0.0,0.0,0.0,0.0,0.7,8.4,0.1,,,0.0,0.0,2.1
296,19976,Marquez Valdes-Scantling,NO,WR,9,CAR,0.0,0.0,0.0,0.1,0.0,0.6,9.2,0.1,,,0.0,0.0,2.1
297,24471,Ryan Miller,TB,WR,9,KC,0.0,0.0,0.0,0.0,0.0,0.0,15.0,0.1,,,0.0,0.0,2.1
298,22823,Kylen Granson,IND,TE,9,MIN,0.0,0.0,0.0,0.0,0.0,0.7,7.9,0.1,,,0.0,0.0,2.1
299,16815,Ameer Abdullah,LV,RB,9,CIN,0.0,0.0,0.0,4.8,0.0,1.0,6.1,0.0,,,0.0,0.0,2.1
300,19165,Johnny Mundt,MIN,TE,9,IND,0.0,0.0,0.0,0.0,0.0,0.7,7.6,0.1,,,0.0,0.0,2.1
301,21593,D'Ernest Johnson,JAX,RB,9,PHI,0.0,0.0,0.0,8.9,0.0,0.6,4.8,0.0,,,0.0,0.0,2.0
302,23608,Drew Ogletree,IND,TE,9,MIN,0.0,0.0,0.0,0.0,0.0,0.7,6.5,0.1,,,0.0,0.0,1.9
303,19023,Mack Hollins,BUF,WR,9,MIA,0.0,0.0,0.0,0.0,0.0,0.6,7.2,0.1,,,0.0,0.0,1.9
304,16263,Allen Robinson II,DET,WR,9,GB,0.0,0.0,0.0,0.0,0.0,0.6,7.0,0.1,,,0.0,0.0,1.9
305,19816,DJ Chark,LAC,WR,9,CLE,0.0,0.0,0.0,0.1,0.0,0.5,6.9,0.1,,,0.0,0.0,1.8
306,25103,Malik Washington,MIA,WR,9,BUF,0.0,0.0,0.0,0.0,0.0,0.9,8.8,0.0,,,0.0,0.0,1.8
307,24472,Xavier Gipson,NYJ,WR,9,HOU,0.0,0.0,0.0,0.2,0.0,0.8,9.2,0.0,,,0.0,0.0,1.7
308,21688,Cam Akers,HOU,RB,9,NYJ,0.0,0.0,0.0,7.7,0.1,0.2,1.1,0.0,,,0.0,0.0,1.7
309,24278,Hunter Luepke,DAL,RB,9,ATL,0.0,0.0,0.0,2.3,0.0,0.7,7.5,0.0,,,0.0,0.0,1.7
310,22521,Jeremy Ruckert,NYJ,TE,9,HOU,0.0,0.0,0.0,0.0,0.0,0.9,7.4,0.0,,,0.0,0.0,1.6
311,23218,Pierre Strong Jr.,CLE,RB,9,LAC,0.0,0.0,0.0,4.9,0.0,0.7,4.4,0.0,,,0.0,0.0,1.6
312,23192,Chris Brooks,GB,RB,9,DET,0.0,0.0,0.0,7.5,0.1,0.2,0.8,0.0,,,0.0,0.0,1.6
313,24971,Audric Estime,DEN,RB,9,BAL,0.0,0.0,0.0,8.3,0.1,0.1,0.9,0.0,,,0.0,0.0,1.6
314,24686,Nate Adkins,DEN,TE,9,BAL,0.0,0.0,0.0,0.0,0.0,0.5,5.0,0.1,,,0.0,0.0,1.6
315,21765,JaMycal Hasty,NE,RB,9,TEN,0.0,0.0,0.0,2.3,0.0,0.7,6.4,0.0,,,0.0,0.0,1.6
316,21776,Joshua Kelley,TEN,RB,9,NE,0.0,0.0,0.0,6.5,0.1,0.0,3.1,0.0,,,0.0,0.0,1.6
317,23482,Bo Melton,GB,WR,9,DET,0.0,0.0,0.0,1.8,0.0,0.6,7.2,0.0,,,0.0,0.0,1.5
318,20899,Josh Oliver,MIN,TE,9,IND,0.0,0.0,0.0,0.0,0.0,0.4,4.7,0.1,,,0.0,0.0,1.5
319,23195,Eric Gray,NYG,RB,9,WAS,0.0,0.0,0.0,3.9,0.0,0.6,3.9,0.0,,,0.0,0.0,1.4
320,24117,Anthony Richardson,IND,QB,9,MIN,18.7,0.1,0.1,3.1,0.0,0.0,0.0,0.0,,,0.0,0.0,1.4
321,21714,K.J. Osborn,NE,WR,9,TEN,0.0,0.0,0.0,0.0,0.0,0.7,6.2,0.0,,,0.0,0.0,1.3
322,23341,Tyler Goodson,IND,RB,9,MIN,0.0,0.0,0.0,5.9,0.0,0.4,3.3,0.0,,,0.0,0.0,1.3
323,22661,Jack Stoll,PHI,TE,9,JAX,0.0,0.0,0.0,0.0,0.0,0.6,6.4,0.0,,,0.0,0.0,1.2
324,21675,Tyler Johnson,LAR,WR,9,SEA,0.0,0.0,0.0,0.0,0.0,0.6,6.3,0.0,,,0.0,0.0,1.2
325,23135,Charlie Kolar,BAL,TE,9,DEN,0.0,0.0,0.0,0.2,0.0,0.5,6.9,0.0,,,0.0,0.0,1.2
326,23118,Malik Willis,GB,QB,9,DET,13.6,0.1,0.0,2.6,0.0,0.0,0.0,0.0,,,0.0,0.0,1.2
327,24944,Jonathon Brooks,CAR,RB,9,NO,0.0,0.0,0.0,4.4,0.1,0.0,1.4,0.0,,,0.0,0.0,1.2
328,24288,Luke Schoonmaker,DAL,TE,9,ATL,0.0,0.0,0.0,0.0,0.0,0.6,5.7,0.0,,,0.0,0.0,1.2
329,23469,Tyquan Thornton,NE,WR,9,TEN,0.0,0.0,0.0,0.1,0.0,0.5,6.4,0.0,,,0.0,0.0,1.1
330,21349,Ashton Dulin,IND,WR,9,MIN,0.0,0.0,0.0,0.6,0.0,0.4,6.7,0.0,,,0.0,0.0,1.1
331,18935,Gerald Everett,CHI,TE,9,ARI,0.0,0.0,0.0,0.0,0.0,0.6,4.7,0.0,,,0.0,0.0,1.1
332,21046,Jake Browning,CIN,QB,9,LV,16.8,0.1,0.1,0.9,0.0,0.0,0.0,0.0,,,0.0,0.0,1.1
333,24533,Ben Sims,GB,TE,9,DET,0.0,0.0,0.0,0.0,0.0,0.0,4.5,0.1,,,0.0,0.0,1.1
334,22509,Hunter Long,LAR,TE,9,SEA,0.0,0.0,0.0,0.0,0.0,0.5,5.3,0.0,,,0.0,0.0,1.0
335,12831,Tyrod Taylor,NYJ,QB,9,HOU,10.1,0.1,0.0,2.0,0.0,0.0,0.0,0.0,,,0.0,0.0,1.0
336,20487,Brandon Powell,MIN,WR,9,IND,0.0,0.0,0.0,0.4,0.0,0.5,4.5,0.0,,,0.0,0.0,1.0
337,23143,Will Mallory,IND,TE,9,MIN,0.0,0.0,0.0,0.0,0.0,0.5,4.8,0.0,,,0.0,0.0,1.0
338,23186,Spencer Rattler,NO,QB,9,CAR,18.9,0.0,0.0,2.0,0.0,0.0,0.0,0.0,,,0.0,0.0,1.0
339,24125,Jalin Hyatt,NYG,WR,9,WAS,0.0,0.0,0.0,0.0,0.0,0.4,5.5,0.0,,,0.0,0.0,0.9
340,23185,Sam Howell,SEA,QB,9,LAR,13.4,0.1,0.1,0.9,0.0,0.0,0.0,0.0,,,0.0,0.0,0.9
341,24121,Derius Davis,LAC,WR,9,CLE,0.0,0.0,0.0,1.4,0.0,0.4,3.7,0.0,,,0.0,0.0,0.9
342,25205,Isaiah Williams,DET,WR,9,GB,0.0,0.0,0.0,0.0,0.0,0.4,5.1,0.0,,,0.0,0.0,0.9
343,20081,Trent Sherfield Sr.,MIN,WR,9,IND,0.0,0.0,0.0,0.1,0.0,0.4,4.9,0.0,,,0.0,0.0,0.9
344,17218,DeAndre Carter,CHI,WR,9,ARI,0.0,0.0,0.0,0.6,0.0,0.4,4.4,0.0,,,0.0,0.0,0.9
345,19065,Jeremy McNichols,WAS,RB,9,NYG,0.0,0.0,0.0,7.2,0.0,0.1,0.7,0.0,,,0.0,0.0,0.9
346,21795,Luke Farrell,JAX,TE,9,PHI,0.0,0.0,0.0,0.0,0.0,0.5,3.6,0.0,,,0.0,0.0,0.9
347,18652,C.J. Ham,MIN,RB,9,IND,0.0,0.0,0.0,1.3,0.1,0.0,1.2,0.0,,,0.0,0.0,0.8
348,24325,Johnny Wilson,PHI,WR,9,JAX,0.0,0.0,0.0,0.1,0.0,0.4,4.4,0.0,,,0.0,0.0,0.8
349,20679,KhaDarel Hodge,ATL,WR,9,DAL,0.0,0.0,0.0,0.0,0.0,0.3,5.4,0.0,,,0.0,0.0,0.8
350,19910,Ian Thomas,CAR,TE,9,NO,0.0,0.0,0.0,0.0,0.0,0.4,4.3,0.0,,,0.0,0.0,0.8
351,24148,Davis Allen,LAR,TE,9,SEA,0.0,0.0,0.0,0.0,0.0,0.4,4.3,0.0,,,0.0,0.0,0.8
352,22119,Charlie Woerner,ATL,TE,9,DAL,0.0,0.0,0.0,0.0,0.0,0.4,4.2,0.0,,,0.0,0.0,0.8
353,25134,Brevyn Spann-Ford,DAL,TE,9,ATL,0.0,0.0,0.0,0.0,0.0,0.4,4.1,0.0,,,0.0,0.0,0.8
354,23485,Daniel Bellinger,NYG,TE,9,WAS,0.0,0.0,0.0,0.0,0.0,0.4,4.0,0.0,,,0.0,0.0,0.8
355,19943,Durham Smythe,MIA,TE,9,BUF,0.0,0.0,0.0,0.0,0.0,0.4,3.6,0.0,,,0.0,0.0,0.8
356,20931,Drew Sample,CIN,TE,9,LV,0.0,0.0,0.0,0.0,0.0,0.4,3.6,0.0,,,0.0,0.0,0.8
357,21686,Jalen Reagor,LAC,WR,9,CLE,0.0,0.0,0.0,0.0,0.0,0.3,4.5,0.0,,,0.0,0.0,0.8
358,23273,Hassan Haskins,LAC,RB,9,CLE,0.0,0.0,0.0,6.0,0.0,0.1,0.3,0.0,,,0.0,0.0,0.7
359,20819,Alec Ingold,MIA,RB,9,BUF,0.0,0.0,0.0,2.2,0.0,0.0,4.9,0.0,,,0.0,0.0,0.7
360,22657,John Bates,WAS,TE,9,NYG,0.0,0.0,0.0,0.0,0.0,0.4,3.1,0.0,,,0.0,0.0,0.7
361,24188,Deuce Vaughn,DAL,RB,9,ATL,0.0,0.0,0.0,3.1,0.0,0.2,1.8,0.0,,,0.0,0.0,0.7
362,19172,Zach Pascal,ARI,WR,9,CHI,0.0,0.0,0.0,0.1,0.0,0.3,3.6,0.0,,,0.0,0.0,0.7
363,24362,Malik Heath,GB,WR,9,DET,0.0,0.0,0.0,0.1,0.0,0.3,3.6,0.0,,,0.0,0.0,0.7
364,23477,Skylar Thompson,MIA,QB,9,BUF,16.1,0.0,0.0,0.3,0.0,0.0,0.0,0.0,,,0.0,0.0,0.7
365,24122,Charlie Jones,CIN,WR,9,LV,0.0,0.0,0.0,0.0,0.0,0.3,3.6,0.0,,,0.0,0.0,0.7
366,21564,Craig Reynolds,DET,RB,9,GB,0.0,0.0,0.0,2.8,0.0,0.2,1.7,0.0,,,0.0,0.0,0.7
367,25040,Javon Baker,NE,WR,9,TEN,0.0,0.0,0.0,0.1,0.0,0.3,3.3,0.0,,,0.0,0.0,0.6
368,21837,J.J. Taylor,HOU,RB,9,NYJ,0.0,0.0,0.0,3.1,0.0,0.2,1.2,0.0,,,0.0,0.0,0.6
369,25132,Jha'Quan Jackson,TEN,WR,9,NE,0.0,0.0,0.0,0.0,0.0,0.3,3.3,0.0,,,0.0,0.0,0.6
370,21784,Zack Moss,CIN,RB,9,LV,0.0,0.0,0.0,3.7,0.0,0.0,2.4,0.0,,,0.0,0.0,0.6
371,21769,Clyde Edwards-Helaire,KC,RB,9,TB,0.0,0.0,0.0,2.5,0.0,0.2,1.6,0.0,,,0.0,0.0,0.6
372,20506,Tanner Hudson,CIN,TE,9,LV,0.0,0.0,0.0,0.0,0.0,0.3,3.1,0.0,,,0.0,0.0,0.6
373,18928,Curtis Samuel,BUF,WR,9,MIA,0.0,0.0,0.0,0.3,0.0,0.3,2.5,0.0,,,0.0,0.0,0.6
374,24985,Ben Sinnott,WAS,TE,9,NYG,0.0,0.0,0.0,0.0,0.0,0.3,2.6,0.0,,,0.0,0.0,0.6
375,25102,Will Shipley,PHI,RB,9,JAX,0.0,0.0,0.0,3.5,0.0,0.1,0.9,0.0,,,0.0,0.0,0.5
376,16763,Marcus Mariota,WAS,QB,9,NYG,9.5,0.0,0.0,1.5,0.0,0.0,0.0,0.0,,,0.0,0.0,0.5
377,22547,Ronnie Rivers,LAR,RB,9,SEA,0.0,0.0,0.0,2.0,0.0,0.2,1.0,0.0,,,0.0,0.0,0.5
378,17179,Taylor Heinicke,LAC,QB,9,CLE,10.0,0.0,0.0,0.9,0.0,0.0,0.0,0.0,,,0.0,0.0,0.5
379,19330,Nick Mullens,MIN,QB,9,IND,11.5,0.0,0.0,0.3,0.0,0.0,0.0,0.0,,,0.0,0.0,0.5
380,14697,Greg Zuerlein,NYJ,K,9,HOU,0.0,0.0,0.0,0.0,0.0,0.0,0.0,0.0,,,0.0,0.0,0.5
381,20325,Greg Joseph,NYG,K,9,WAS,0.0,0.0,0.0,0.0,0.0,0.0,0.0,0.0,,,0.0,0.0,0.5
382,18995,Jamaal Williams,NO,RB,9,CAR,0.0,0.0,0.0,4.0,0.0,0.0,0.6,0.0,,,0.0,0.0,0.5
383,20360,Jeff Wilson Jr.,MIA,RB,9,BUF,0.0,0.0,0.0,2.4,0.0,0.1,1.1,0.0,,,0.0,0.0,0.5
384,21688,Cam Akers,MIN,RB,9,IND,0.0,0.0,0.0,2.7,0.0,0.1,0.7,0.0,,,0.0,0.0,0.4
385,24151,Payne Durham,TB,TE,9,KC,0.0,0.0,0.0,0.0,0.0,0.2,2.3,0.0,,,0.0,0.0,0.4
386,23144,Ainias Smith,PHI,WR,9,JAX,0.0,0.0,0.0,0.0,0.0,0.2,2.0,0.0,,,0.0,0.0,0.4
387,25304,Casey Washington,ATL,WR,9,DAL,0.0,0.0,0.0,0.0,0.0,0.1,2.9,0.0,,,0.0,0.0,0.4
388,24755,Elijah Cooks,JAX,WR,9,PHI,0.0,0.0,0.0,0.0,0.0,0.0,3.9,0.0,,,0.0,0.0,0.4
389,23644,Stone Smartt,LAC,TE,9,CLE,0.0,0.0,0.0,0.0,0.0,0.2,1.8,0.0,,,0.0,0.0,0.4
390,25124,Ryan Flournoy,DAL,WR,9,ATL,0.0,0.0,0.0,0.1,0.0,0.2,1.7,0.0,,,0.0,0.0,0.4
391,24984,Jamari Thrash,CLE,WR,9,LAC,0.0,0.0,0.0,0.1,0.0,0.2,1.6,0.0,,,0.0,0.0,0.4
392,22496,Mac Jones,JAX,QB,9,PHI,8.4,0.0,0.0,0.3,0.0,0.0,0.0,0.0,,,0.0,0.0,0.4
393,23230,Dorian Thompson-Robinson,CLE,QB,9,LAC,5.3,0.0,0.0,1.6,0.0,0.0,0.0,0.0,,,0.0,0.0,0.4
394,23310,Greg Dulcich,DEN,TE,9,BAL,0.0,0.0,0.0,0.0,0.0,0.2,1.6,0.0,,,0.0,0.0,0.4
395,25064,Isaiah Davis,NYJ,RB,9,HOU,0.0,0.0,0.0,1.7,0.0,0.1,0.8,0.0,,,0.0,0.0,0.3
396,20810,Travis Homer,CHI,RB,9,ARI,0.0,0.0,0.0,1.9,0.0,0.1,0.6,0.0,,,0.0,0.0,0.3
397,22501,Kenny Pickett,PHI,QB,9,JAX,7.4,0.0,0.0,0.3,0.0,0.0,0.0,0.0,,,0.0,0.0,0.3
398,22505,Davis Mills,HOU,QB,9,NYJ,7.5,0.0,0.0,0.3,0.0,0.0,0.0,0.0,,,0.0,0.0,0.3
399,24168,Tyson Bagent,CHI,QB,9,ARI,7.6,0.0,0.0,0.3,0.0,0.0,0.0,0.0,,,0.0,0.0,0.3
400,21804,DeeJay Dallas,ARI,RB,9,CHI,0.0,0.0,0.0,1.2,0.0,0.1,1.0,0.0,,,0.0,0.0,0.3
401,21400,Steven Sims,HOU,WR,9,NYJ,0.0,0.0,0.0,0.0,0.0,0.0,3.2,0.0,,,0.0,0.0,0.3
402,22563,Khalil Herbert,CHI,RB,9,ARI,0.0,0.0,0.0,1.4,0.0,0.1,0.6,0.0,,,0.0,0.0,0.3
403,25099,Dallin Holker,NO,TE,9,CAR,0.0,0.0,0.0,0.3,0.0,0.1,1.6,0.0,,,0.0,0.0,0.3
404,24220,Tyler Scott,CHI,WR,9,ARI,0.0,0.0,0.0,0.3,0.0,0.1,1.6,0.0,,,0.0,0.0,0.3
405,21690,Tee Higgins,CIN,WR,9,LV,0.0,0.0,0.0,0.0,0.0,0.0,2.9,0.0,,,0.0,0.0,0.3
406,23242,Michael Penix Jr.,ATL,QB,9,DAL,5.3,0.0,0.0,0.6,0.0,0.0,0.0,0.0,,,0.0,0.0,0.3
407,16041,Jimmy Garoppolo,LAR,QB,9,SEA,6.0,0.0,0.0,0.3,0.0,0.0,0.0,0.0,,,0.0,0.0,0.3
408,23737,Tanner Conner,MIA,TE,9,BUF,0.0,0.0,0.0,0.0,0.0,0.0,2.6,0.0,,,0.0,0.0,0.3
409,25104,Jaheim Bell,NE,TE,9,TEN,0.0,0.0,0.0,0.0,0.0,0.1,1.6,0.0,,,0.0,0.0,0.3
410,22511,Quintin Morris,BUF,TE,9,MIA,0.0,0.0,0.0,0.0,0.0,0.1,1.5,0.0,,,0.0,0.0,0.2
411,23004,Adam Prentice,NO,RB,9,CAR,0.0,0.0,0.0,1.0,0.0,0.0,1.4,0.0,,,0.0,0.0,0.2
412,19461,Cooper Rush,DAL,QB,9,ATL,6.0,0.0,0.0,0.0,0.0,0.0,0.0,0.0,,,0.0,0.0,0.2
413,24373,Kenny McIntosh,SEA,RB,9,LAR,0.0,0.0,0.0,0.9,0.0,0.1,0.5,0.0,,,0.0,0.0,0.2
414,20859,Drew Lock,NYG,QB,9,WAS,3.7,0.0,0.0,0.9,0.0,0.0,0.0,0.0,,,0.0,0.0,0.2
415,25054,Dylan Laube,LV,RB,9,CIN,0.0,0.0,0.0,0.6,0.0,0.1,0.8,0.0,,,0.0,0.0,0.2
416,21794,Albert Okwuegbunam Jr.,PHI,TE,9,JAX,0.0,0.0,0.0,0.0,0.0,0.0,2.4,0.0,,,0.0,0.0,0.2
417,16928,Michael Burton,DEN,RB,9,BAL,0.0,0.0,0.0,0.0,0.0,0.0,2.4,0.0,,,0.0,0.0,0.2
418,22604,Tylan Wallace,BAL,WR,9,DEN,0.0,0.0,0.0,0.1,0.0,0.1,1.2,0.0,,,0.0,0.0,0.2
419,25141,Tip Reiman,ARI,TE,9,CHI,0.0,0.0,0.0,0.0,0.0,0.1,1.3,0.0,,,0.0,0.0,0.2
420,23201,Jase McClellan,ATL,RB,9,DAL,0.0,0.0,0.0,1.9,0.0,0.0,0.3,0.0,,,0.0,0.0,0.2
421,25322,Jabari Small,TEN,RB,9,NE,0.0,0.0,0.0,2.2,0.0,0.0,0.0,0.0,,,0.0,0.0,0.2
422,22569,Dee Eskridge,MIA,WR,9,BUF,0.0,0.0,0.0,0.0,0.0,0.1,1.1,0.0,,,0.0,0.0,0.2
423,25144,Devin Culp,TB,TE,9,KC,0.0,0.0,0.0,0.0,0.0,0.1,1.1,0.0,,,0.0,0.0,0.2
424,22595,Ihmir Smith-Marsette,NYG,WR,9,WAS,0.0,0.0,0.0,0.1,0.0,0.1,1.0,0.0,,,0.0,0.0,0.2
425,3061,Marcedes Lewis,CHI,TE,9,ARI,0.0,0.0,0.0,0.0,0.0,0.0,1.9,0.0,,,0.0,0.0,0.2
426,24978,Devontez Walker,BAL,WR,9,DEN,0.0,0.0,0.0,0.0,0.0,0.1,0.8,0.0,,,0.0,0.0,0.2
427,25014,Tanner McLachlan,CIN,TE,9,LV,0.0,0.0,0.0,0.0,0.0,0.1,0.7,0.0,,,0.0,0.0,0.2
428,24979,Malachi Corley,NYJ,WR,9,HOU,0.0,0.0,0.0,0.0,0.0,0.0,1.7,0.0,,,0.0,0.0,0.2
429,23962,Irvin Charles,NYJ,WR,9,HOU,0.0,0.0,0.0,0.0,0.0,0.0,1.7,0.0,,,0.0,0.0,0.2
430,25126,Anthony Gould,IND,WR,9,MIN,0.0,0.0,0.0,0.0,0.0,0.1,0.7,0.0,,,0.0,0.0,0.2
431,20953,Easton Stick,LAC,QB,9,CLE,4.0,0.0,0.0,0.0,0.0,0.0,0.0,0.0,,,0.0,0.0,0.2
432,18811,Mitchell Trubisky,BUF,QB,9,MIA,4.1,0.0,0.0,0.0,0.0,0.0,0.0,0.0,,,0.0,0.0,0.2
433,24743,Xavier Smith,LAR,WR,9,SEA,0.0,0.0,0.0,0.2,0.0,0.1,0.4,0.0,,,0.0,0.0,0.2
434,21798,Josiah Deguara,JAX,TE,9,PHI,0.0,0.0,0.0,0.0,0.0,0.1,0.5,0.0,,,0.0,0.0,0.1
435,25049,Cody Schrader,LAR,RB,9,SEA,0.0,0.0,0.0,0.3,0.0,0.1,0.1,0.0,,,0.0,0.0,0.1
436,24170,Clayton Tune,ARI,QB,9,CHI,1.8,0.0,0.0,0.7,0.0,0.0,0.0,0.0,,,0.0,0.0,0.1
437,19209,Patrick Ricard,BAL,RB,9,DEN,0.0,0.0,0.0,0.4,0.0,0.0,1.0,0.0,,,0.0,0.0,0.1
438,23267,Bailey Zappe,CLE,QB,9,LAC,3.1,0.0,0.0,0.0,0.0,0.0,0.0,0.0,,,0.0,0.0,0.1
439,24718,Brady Russell,SEA,TE,9,LAR,0.0,0.0,0.0,0.0,0.0,0.0,1.2,0.0,,,0.0,0.0,0.1
440,17223,Eric Tomlinson,LAC,TE,9,CLE,0.0,0.0,0.0,0.0,0.0,0.0,1.1,0.0,,,0.0,0.0,0.1
441,23624,Dareke Young,SEA,WR,9,LAR,0.0,0.0,0.0,0.0,0.0,0.0,1.0,0.0,,,0.0,0.0,0.1
442,17762,Chris Manhertz,NYG,TE,9,WAS,0.0,0.0,0.0,0.0,0.0,0.0,1.0,0.0,,,0.0,0.0,0.1
443,6489,Josh Johnson,BAL,QB,9,DEN,2.2,0.0,0.0,0.0,0.0,0.0,0.0,0.0,,,0.0,0.0,0.1
444,22514,Kenny Yeboah,NYJ,TE,9,HOU,0.0,0.0,0.0,0.0,0.0,0.0,0.8,0.0,,,0.0,0.0,0.1
445,23298,Raheem Blackshear,CAR,RB,9,NO,0.0,0.0,0.0,0.3,0.0,0.0,0.5,0.0,,,0.0,0.0,0.1
446,22614,Kadarius Toney,CLE,WR,9,LAC,0.0,0.0,0.0,0.2,0.0,0.0,0.6,0.0,,,0.0,0.0,0.1
447,23481,Velus Jones Jr.,CHI,WR,9,ARI,0.0,0.0,0.0,0.4,0.0,0.0,0.4,0.0,,,0.0,0.0,0.1
448,22502,Desmond Ridder,LV,QB,9,CIN,1.9,0.0,0.0,0.0,0.0,0.0,0.0,0.0,,,0.0,0.0,0.1
449,21227,Andrew Beck,GB,RB,9,DET,0.0,0.0,0.0,0.0,0.0,0.0,0.8,0.0,,,0.0,0.0,0.1
450,19755,River Cracraft,MIA,WR,9,BUF,0.0,0.0,0.0,0.0,0.0,0.0,0.7,0.0,,,0.0,0.0,0.1
451,22494,Kyle Trask,TB,QB,9,KC,1.7,0.0,0.0,0.0,0.0,0.0,0.0,0.0,,,0.0,0.0,0.1
452,17005,Geoff Swaim,CLE,TE,9,LAC,0.0,0.0,0.0,0.0,0.0,0.0,0.7,0.0,,,0.0,0.0,0.1
453,20954,Jarrett Stidham,DEN,QB,9,BAL,1.8,0.0,0.0,0.0,0.0,0.0,0.0,0.0,,,0.0,0.0,0.1
454,17920,Carson Wentz,KC,QB,9,TB,1.7,0.0,0.0,0.0,0.0,0.0,0.0,0.0,,,0.0,0.0,0.1
455,24140,Hendon Hooker,DET,QB,9,GB,1.6,0.0,0.0,0.0,0.0,0.0,0.0,0.0,,,0.0,0.0,0.1
456,23355,Teagan Quitoriano,HOU,TE,9,NYJ,0.0,0.0,0.0,0.0,0.0,0.0,0.6,0.0,,,0.0,0.0,0.1
457,20361,Ross Dwelley,ATL,TE,9,DAL,0.0,0.0,0.0,0.0,0.0,0.0,0.6,0.0,,,0.0,0.0,0.1
458,19296,Anthony Firkser,NYJ,TE,9,HOU,0.0,0.0,0.0,0.0,0.0,0.0,0.3,0.0,,,0.0,0.0,0.0
459,24221,Justin Shorter,LV,WR,9,CIN,0.0,0.0,0.0,0.0,0.0,0.0,0.3,0.0,,,0.0,0.0,0.0
460,20283,Tim Boyle,MIA,QB,9,BUF,0.8,0.0,0.0,0.0,0.0,0.0,0.0,0.0,,,0.0,0.0,0.0
461,21294,Alex Bachman,LV,WR,9,CIN,0.0,0.0,0.0,0.0,0.0,0.0,0.3,0.0,,,0.0,0.0,0.0
462,22596,Jaelon Darden,CLE,WR,9,LAC,0.0,0.0,0.0,0.0,0.0,0.0,0.3,0.0,,,0.0,0.0,0.0
463,23101,Parker Hesse,DET,TE,9,GB,0.0,0.0,0.0,0.0,0.0,0.0,0.3,0.0,,,0.0,0.0,0.0
464,23996,Kendric Pryor,CIN,WR,9,LV,0.0,0.0,0.0,0.0,0.0,0.0,0.2,0.0,,,0.0,0.0,0.0
465,22925,Avery Williams,ATL,RB,9,DAL,0.0,0.0,0.0,0.1,0.0,0.0,0.1,0.0,,,0.0,0.0,0.0
466,23618,Ko Kieft,TB,TE,9,KC,0.0,0.0,0.0,0.0,0.0,0.0,0.1,0.0,,,0.0,0.0,0.0
467,20703,John Wolford,CAR,QB,9,NO,0.0,0.0,0.0,0.0,0.0,0.0,0.0,0.0,,,0.0,0.0,0.0
468,25353,Jack Plummer,CAR,QB,9,NO,0.0,0.0,0.0,0.0,0.0,0.0,0.0,0.0,,,0.0,0.0,0.0
469,24956,J.J. McCarthy,MIN,QB,9,IND,0.0,0.0,0.0,0.0,0.0,0.0,0.0,0.0,,,0.0,0.0,0.0
470,25133,Bub Means,NO,WR,9,CAR,0.0,0.0,0.0,0.0,0.0,0.0,0.0,0.0,,,0.0,0.0,0.0
471,23490,Jelani Woods,IND,TE,9,MIN,0.0,0.0,0.0,0.0,0.0,0.0,0.0,0.0,,,0.0,0.0,0.0
472,21865,Stephen Sullivan,CAR,TE,9,NO,0.0,0.0,0.0,0.0,0.0,0.0,0.0,0.0,,,0.0,0.0,0.0
473,25315,Charlie Smyth,NO,K,9,CAR,0.0,0.0,0.0,0.0,0.0,0.0,0.0,0.0,,,0.0,0.0,0.0
474,17914,Laquon Treadwell,IND,WR,9,MIN,0.0,0.0,0.0,0.0,0.0,0.0,0.0,0.0,,,0.0,0.0,0.0
475,21781,Sean McKeon,IND,TE,9,MIN,0.0,0.0,0.0,0.0,0.0,0.0,0.0,0.0,,,0.0,0.0,0.0
476,21815,Sam Ehlinger,IND,QB,9,MIN,0.0,0.0,0.0,0.0,0.0,0.0,0.0,0.0,,,0.0,0.0,0.0
477,25548,Trent Pennix,IND,RB,9,MIN,0.0,0.0,0.0,0.0,0.0,0.0,0.0,0.0,,,0.0,0.0,0.0
478,23840,Kevin Austin Jr.,NO,WR,9,CAR,0.0,0.0,0.0,0.0,0.0,0.0,0.0,0.0,,,0.0,0.0,0.0
479,23729,Rashid Shaheed,NO,WR,9,CAR,0.0,0.0,0.0,0.0,0.0,0.0,0.0,0.0,,,0.0,0.0,0.0
480,22345,Dan Chisena,CAR,WR,9,NO,0.0,0.0,0.0,0.0,0.0,0.0,0.0,0.0,,,0.0,0.0,0.0
481,20159,Mike Boone,CAR,RB,9,NO,0.0,0.0,0.0,0.0,0.0,0.0,0.0,0.0,,,0.0,0.0,0.0
482,24238,Kendre Miller,NO,RB,9,CAR,0.0,0.0,0.0,0.0,0.0,0.0,0.0,0.0,,,0.0,0.0,0.0
483,23249,Jake Haener,NO,QB,9,CAR,0.0,0.0,0.0,0.0,0.0,0.0,0.0,0.0,,,0.0,0.0,0.0
484,23746,Deven Thompkins,CAR,WR,9,NO,0.0,0.0,0.0,0.0,0.0,0.0,0.0,0.0,,,0.0,0.0,0.0
485,19854,Dante Pettis,NO,WR,9,CAR,0.0,0.0,0.0,0.0,0.0,0.0,0.0,0.0,,,0.0,0.0,0.0
486,20768,Myles Gaskin,MIN,RB,9,IND,0.0,0.0,0.0,0.0,0.0,0.0,0.0,0.0,,,0.0,0.0,0.0
487,20792,N'Keal Harry,MIN,WR,9,IND,0.0,0.0,0.0,0.0,0.0,0.0,0.0,0.0,,,0.0,0.0,0.0
488,24204,Evan Hull,IND,RB,9,MIN,0.0,0.0,0.0,0.0,0.0,0.0,0.0,0.0,,,0.0,0.0,0.0
489,25370,Jermaine Jackson,NO,WR,9,CAR,0.0,0.0,0.0,0.0,0.0,0.0,0.0,0.0,,,0.0,0.0,0.0
490,23107,Michael Jacobson,NO,TE,9,CAR,0.0,0.0,0.0,0.0,0.0,0.0,0.0,0.0,,,0.0,0.0,0.0
491,21473,D.J. Montgomery,IND,WR,9,MIN,0.0,0.0,0.0,0.0,0.0,0.0,0.0,0.0,,,0.0,0.0,0.0
492,21725,Trishton Jackson,MIN,WR,9,IND,0.0,0.0,0.0,0.0,0.0,0.0,0.0,0.0,,,0.0,0.0,0.0
493,22498,Feleipe Franks,CAR,TE,9,NO,0.0,0.0,0.0,0.0,0.0,0.0,0.0,0.0,,,0.0,0.0,0.0
494,21843,Salvon Ahmed,IND,RB,9,MIN,0.0,0.0,0.0,0.0,0.0,0.0,0.0,0.0,,,0.0,0.0,0.0
495,15534,Adam Thielen,CAR,WR,9,NO,0.0,0.0,0.0,0.0,0.0,0.0,0.0,0.0,,,0.0,0.0,0.0
496,25055,Dillon Johnson,CAR,RB,9,NO,0.0,0.0,0.0,0.0,0.0,0.0,0.0,0.0,,,0.0,0.0,0.0
497,19491,Robert Tonyan,MIN,TE,9,IND,0.0,0.0,0.0,0.0,0.0,0.0,0.0,0.0,,,0.0,0.0,0.0
498,24894,Lucky Jackson,MIN,WR,9,IND,0.0,0.0,0.0,0.0,0.0,0.0,0.0,0.0,,,0.0,0.0,0.0
499,25430,Jeshaun Jones,MIN,WR,9,IND,0.0,0.0,0.0,0.0,0.0,0.0,0.0,0.0,,,0.0,0.0,0.0
500,15974,Jordan Matthews,CAR,TE,9,NO,0.0,0.0,0.0,0.0,0.0,0.0,0.0,0.0,,,0.0,0.0,0.0
501,21115,Juwann Winfree,IND,WR,9,MIN,0.0,0.0,0.0,0.0,0.0,0.0,0.0,0.0,,,0.0,0.0,0.0
502,23998,Ethan Fernea,IND,WR,9,MIN,0.0,0.0,0.0,0.0,0.0,0.0,0.0,0.0,,,0.0,0.0,0.0
503,22572,Dax Milne,CAR,WR,9,NO,0.0,0.0,0.0,0.0,0.0,0.0,0.0,0.0,,,0.0,0.0,0.0
504,20905,Donald Parham Jr.,DEN,TE,9,BAL,0.0,0.0,0.0,0.0,0.0,0.0,0.0,0.0,,,0.0,0.0,0.0
505,24706,Owen Wright,BAL,RB,9,DEN,0.0,0.0,0.0,0.0,0.0,0.0,0.0,0.0,,,0.0,0.0,0.0
506,23621,Nick Muse,MIN,TE,9,IND,0.0,0.0,0.0,0.0,0.0,0.0,0.0,0.0,,,0.0,0.0,0.0
507,20929,Brett Rypien,MIN,QB,9,IND,0.0,0.0,0.0,0.0,0.0,0.0,0.0,0.0,,,0.0,0.0,0.0
508,19017,Josh Reynolds,DEN,WR,9,BAL,0.0,0.0,0.0,0.0,0.0,0.0,0.0,0.0,,,0.0,0.0,0.0
509,21843,Salvon Ahmed,DEN,RB,9,BAL,0.0,0.0,0.0,0.0,0.0,0.0,0.0,0.0,,,0.0,0.0,0.0
510,25111,Devin Leary,BAL,QB,9,DEN,0.0,0.0,0.0,0.0,0.0,0.0,0.0,0.0,,,0.0,0.0,0.0
511,22915,Sammis Reyes,MIN,TE,9,IND,0.0,0.0,0.0,0.0,0.0,0.0,0.0,0.0,,,0.0,0.0,0.0
512,24595,Zavier Scott,MIN,RB,9,IND,0.0,0.0,0.0,0.0,0.0,0.0,0.0,0.0,,,0.0,0.0,0.0
513,23917,Kaden Davis,DEN,WR,9,BAL,0.0,0.0,0.0,0.0,0.0,0.0,0.0,0.0,,,0.0,0.0,0.0
514,24279,Malik Cunningham,BAL,WR,9,DEN,0.0,0.0,0.0,0.0,0.0,0.0,0.0,0.0,,,0.0,0.0,0.0
515,23441,Braylon Sanders,NE,WR,9,TEN,0.0,0.0,0.0,0.0,0.0,0.0,0.0,0.0,,,0.0,0.0,0.0
516,25043,Jason Bean,IND,QB,9,MIN,0.0,0.0,0.0,0.0,0.0,0.0,0.0,0.0,,,0.0,0.0,0.0
517,24572,Thayer Thomas,MIN,WR,9,IND,0.0,0.0,0.0,0.0,0.0,0.0,0.0,0.0,,,0.0,0.0,0.0
518,23725,Dennis Houston,TB,WR,9,KC,0.0,0.0,0.0,0.0,0.0,0.0,0.0,0.0,,,0.0,0.0,0.0
519,22560,Keaontay Ingram,KC,RB,9,TB,0.0,0.0,0.0,0.0,0.0,0.0,0.0,0.0,,,0.0,0.0,0.0
520,22495,Zach Wilson,DEN,QB,9,BAL,0.0,0.0,0.0,0.0,0.0,0.0,0.0,0.0,,,0.0,0.0,0.0
521,21163,Deonte Harty,BAL,WR,9,DEN,0.0,0.0,0.0,0.0,0.0,0.0,0.0,0.0,,,0.0,0.0,0.0
522,20963,Cody Thompson,TB,WR,9,KC,0.0,0.0,0.0,0.0,0.0,0.0,0.0,0.0,,,0.0,0.0,0.0
523,21383,Jody Fortson,KC,TE,9,TB,0.0,0.0,0.0,0.0,0.0,0.0,0.0,0.0,,,0.0,0.0,0.0
524,23604,Montrell Washington,KC,WR,9,TB,0.0,0.0,0.0,0.0,0.0,0.0,0.0,0.0,,,0.0,0.0,0.0
525,25766,Tanner Knue,TB,WR,9,KC,0.0,0.0,0.0,0.0,0.0,0.0,0.0,0.0,,,0.0,0.0,0.0
526,21045,Marquise Brown,KC,WR,9,TB,0.0,0.0,0.0,0.0,0.0,0.0,0.0,0.0,,,0.0,0.0,0.0
527,25328,Baylor Cupp,KC,TE,9,TB,0.0,0.0,0.0,0.0,0.0,0.0,0.0,0.0,,,0.0,0.0,0.0
528,25440,D.J. Williams,TB,RB,9,KC,0.0,0.0,0.0,0.0,0.0,0.0,0.0,0.0,,,0.0,0.0,0.0
529,19864,Anthony Miller,BAL,WR,9,DEN,0.0,0.0,0.0,0.0,0.0,0.0,0.0,0.0,,,0.0,0.0,0.0
530,13250,DJ Williams,TB,TE,9,KC,0.0,0.0,0.0,0.0,0.0,0.0,0.0,0.0,,,0.0,0.0,0.0
531,23231,Tyler Badie,DEN,RB,9,BAL,0.0,0.0,0.0,0.0,0.0,0.0,0.0,0.0,,,0.0,0.0,0.0
532,21750,Marquez Callaway,TB,WR,9,KC,0.0,0.0,0.0,0.0,0.0,0.0,0.0,0.0,,,0.0,0.0,0.0
533,25047,Blake Watson,DEN,RB,9,BAL,0.0,0.0,0.0,0.0,0.0,0.0,0.0,0.0,,,0.0,0.0,0.0
534,22517,Peyton Hendershot,KC,TE,9,TB,0.0,0.0,0.0,0.0,0.0,0.0,0.0,0.0,,,0.0,0.0,0.0
535,25045,Rasheen Ali,BAL,RB,9,DEN,0.0,0.0,0.0,0.0,0.0,0.0,0.0,0.0,,,0.0,0.0,0.0
536,20071,Keith Kirkwood,BAL,WR,9,DEN,0.0,0.0,0.0,0.0,0.0,0.0,0.0,0.0,,,0.0,0.0,0.0
537,19919,Chase Edmonds,TB,RB,9,KC,0.0,0.0,0.0,0.0,0.0,0.0,0.0,0.0,,,0.0,0.0,0.0
538,19296,Anthony Firkser,KC,TE,9,TB,0.0,0.0,0.0,0.0,0.0,0.0,0.0,0.0,,,0.0,0.0,0.0
539,20939,David Sills,DEN,WR,9,BAL,0.0,0.0,0.0,0.0,0.0,0.0,0.0,0.0,,,0.0,0.0,0.0
540,16597,Mike Evans,TB,WR,9,KC,0.0,0.0,0.0,0.0,0.0,0.0,0.0,0.0,,,0.0,0.0,0.0
541,23168,Skyy Moore,KC,WR,9,TB,0.0,0.0,0.0,0.0,0.0,0.0,0.0,0.0,,,0.0,0.0,0.0
542,24535,Tanner Taula,TB,TE,9,KC,0.0,0.0,0.0,0.0,0.0,0.0,0.0,0.0,,,0.0,0.0,0.0
543,23099,Michael Bandy,DEN,WR,9,BAL,0.0,0.0,0.0,0.0,0.0,0.0,0.0,0.0,,,0.0,0.0,0.0
544,25112,Jared Wiley,KC,TE,9,TB,0.0,0.0,0.0,0.0,0.0,0.0,0.0,0.0,,,0.0,0.0,0.0
545,18880,Chris Godwin,TB,WR,9,KC,0.0,0.0,0.0,0.0,0.0,0.0,0.0,0.0,,,0.0,0.0,0.0
546,25058,Emani Bailey,KC,RB,9,TB,0.0,0.0,0.0,0.0,0.0,0.0,0.0,0.0,,,0.0,0.0,0.0
547,25711,Qadir Ismail,BAL,TE,9,DEN,0.0,0.0,0.0,0.0,0.0,0.0,0.0,0.0,,,0.0,0.0,0.0
548,25455,Dayton Wade,BAL,WR,9,DEN,0.0,0.0,0.0,0.0,0.0,0.0,0.0,0.0,,,0.0,0.0,0.0
549,22568,Cornell Powell,KC,WR,9,TB,0.0,0.0,0.0,0.0,0.0,0.0,0.0,0.0,,,0.0,0.0,0.0
550,23629,Chris Oladokun,KC,QB,9,TB,0.0,0.0,0.0,0.0,0.0,0.0,0.0,0.0,,,0.0,0.0,0.0
551,25050,Chris Collier,BAL,RB,9,DEN,0.0,0.0,0.0,0.0,0.0,0.0,0.0,0.0,,,0.0,0.0,0.0
552,25395,Thomas Yassmin,DEN,TE,9,BAL,0.0,0.0,0.0,0.0,0.0,0.0,0.0,0.0,,,0.0,0.0,0.0
553,24349,A.T. Perry,DEN,WR,9,BAL,0.0,0.0,0.0,0.0,0.0,0.0,0.0,0.0,,,0.0,0.0,0.0
554,23720,Zaire Mitchell-Paden,BAL,TE,9,DEN,0.0,0.0,0.0,0.0,0.0,0.0,0.0,0.0,,,0.0,0.0,0.0
555,23163,Justyn Ross,KC,WR,9,TB,0.0,0.0,0.0,0.0,0.0,0.0,0.0,0.0,,,0.0,0.0,0.0
556,24120,Rashee Rice,KC,WR,9,TB,0.0,0.0,0.0,0.0,0.0,0.0,0.0,0.0,,,0.0,0.0,0.0
557,23237,Chris Rodriguez Jr.,WAS,RB,9,NYG,0.0,0.0,0.0,0.0,0.0,0.0,0.0,0.0,,,0.0,0.0,0.0
558,24343,Nikko Remigio,KC,WR,9,TB,0.0,0.0,0.0,0.0,0.0,0.0,0.0,0.0,,,0.0,0.0,0.0
559,21601,Gunner Olszewski,NYG,WR,9,WAS,0.0,0.0,0.0,0.0,0.0,0.0,0.0,0.0,,,0.0,0.0,0.0
560,10333,Graham Gano,NYG,K,9,WAS,0.0,0.0,0.0,0.0,0.0,0.0,0.0,0.0,,,0.0,0.0,0.0
561,24199,Bryce Ford-Wheaton,NYG,WR,9,WAS,0.0,0.0,0.0,0.0,0.0,0.0,0.0,0.0,,,0.0,0.0,0.0
562,23267,Bailey Zappe,KC,QB,9,TB,0.0,0.0,0.0,0.0,0.0,0.0,0.0,0.0,,,0.0,0.0,0.0
563,23371,Isiah Pacheco,KC,RB,9,TB,0.0,0.0,0.0,0.0,0.0,0.0,0.0,0.0,,,0.0,0.0,0.0
564,25642,Kameron Johnson,TB,WR,9,KC,0.0,0.0,0.0,0.0,0.0,0.0,0.0,0.0,,,0.0,0.0,0.0
565,24983,Michael Pratt,TB,QB,9,KC,0.0,0.0,0.0,0.0,0.0,0.0,0.0,0.0,,,0.0,0.0,0.0
566,24625,Tommy Devito,NYG,QB,9,WAS,0.0,0.0,0.0,0.0,0.0,0.0,0.0,0.0,,,0.0,0.0,0.0
567,18883,JuJu Smith-Schuster,KC,WR,9,TB,0.0,0.0,0.0,0.0,0.0,0.0,0.0,0.0,,,0.0,0.0,0.0
568,25051,Dante Miller,NYG,RB,9,WAS,0.0,0.0,0.0,0.0,0.0,0.0,0.0,0.0,,,0.0,0.0,0.0
569,20466,Matthew McCrane,DET,K,9,GB,0.0,0.0,0.0,0.0,0.0,0.0,0.0,0.0,,,0.0,0.0,0.0
570,24296,Brycen Tremayne,WAS,WR,9,NYG,0.0,0.0,0.0,0.0,0.0,0.0,0.0,0.0,,,0.0,0.0,0.0
571,16866,Jamison Crowder,WAS,WR,9,NYG,0.0,0.0,0.0,0.0,0.0,0.0,0.0,0.0,,,0.0,0.0,0.0
572,24342,Mitchell Tinsley,WAS,WR,9,NYG,0.0,0.0,0.0,0.0,0.0,0.0,0.0,0.0,,,0.0,0.0,0.0
573,23164,Kearis Jackson,NYG,WR,9,WAS,0.0,0.0,0.0,0.0,0.0,0.0,0.0,0.0,,,0.0,0.0,0.0
574,24670,Kazmeir Allen,WAS,WR,9,NYG,0.0,0.0,0.0,0.0,0.0,0.0,0.0,0.0,,,0.0,0.0,0.0
575,22515,Cole Turner,WAS,TE,9,NYG,0.0,0.0,0.0,0.0,0.0,0.0,0.0,0.0,,,0.0,0.0,0.0
576,22555,Jermar Jefferson,DET,RB,9,GB,0.0,0.0,0.0,0.0,0.0,0.0,0.0,0.0,,,0.0,0.0,0.0
577,21760,Isaiah Hodgins,NYG,WR,9,WAS,0.0,0.0,0.0,0.0,0.0,0.0,0.0,0.0,,,0.0,0.0,0.0
578,25674,Colson Yankoff,WAS,TE,9,NYG,0.0,0.0,0.0,0.0,0.0,0.0,0.0,0.0,,,0.0,0.0,0.0
579,21802,AJ Dillon,GB,RB,9,DET,0.0,0.0,0.0,0.0,0.0,0.0,0.0,0.0,,,0.0,0.0,0.0
580,24150,Luke Musgrave,GB,TE,9,DET,0.0,0.0,0.0,0.0,0.0,0.0,0.0,0.0,,,0.0,0.0,0.0
581,25109,Sam Hartman,WAS,QB,9,NYG,0.0,0.0,0.0,0.0,0.0,0.0,0.0,0.0,,,0.0,0.0,0.0
582,25567,Messiah Swinson,GB,TE,9,DET,0.0,0.0,0.0,0.0,0.0,0.0,0.0,0.0,,,0.0,0.0,0.0
583,21100,Jakob Johnson,NYG,RB,9,WAS,0.0,0.0,0.0,0.0,0.0,0.0,0.0,0.0,,,0.0,0.0,0.0
584,18123,Jeff Driskel,WAS,QB,9,NYG,0.0,0.0,0.0,0.0,0.0,0.0,0.0,0.0,,,0.0,0.0,0.0
585,20144,Michael Badgley,DET,K,9,GB,0.0,0.0,0.0,0.0,0.0,0.0,0.0,0.0,,,0.0,0.0,0.0
586,22620,Mike Strachan,WAS,WR,9,NYG,0.0,0.0,0.0,0.0,0.0,0.0,0.0,0.0,,,0.0,0.0,0.0
587,24554,T.J. Luther,GB,WR,9,DET,0.0,0.0,0.0,0.0,0.0,0.0,0.0,0.0,,,0.0,0.0,0.0
588,22138,Tyler Davis,GB,TE,9,DET,0.0,0.0,0.0,0.0,0.0,0.0,0.0,0.0,,,0.0,0.0,0.0
589,25108,Michael Wiley,WAS,RB,9,NYG,0.0,0.0,0.0,0.0,0.0,0.0,0.0,0.0,,,0.0,0.0,0.0
590,17923,Ezekiel Elliott,DAL,RB,9,ATL,0.0,0.0,0.0,0.0,0.0,0.0,0.0,0.0,,,0.0,0.0,0.0
591,21556,Tom Kennedy,DET,WR,9,GB,0.0,0.0,0.0,0.0,0.0,0.0,0.0,0.0,,,0.0,0.0,0.0
592,21828,Jake Fromm,DET,QB,9,GB,0.0,0.0,0.0,0.0,0.0,0.0,0.0,0.0,,,0.0,0.0,0.0
593,22524,James Mitchell,DET,TE,9,GB,0.0,0.0,0.0,0.0,0.0,0.0,0.0,0.0,,,0.0,0.0,0.0
594,23614,John FitzPatrick,GB,TE,9,DET,0.0,0.0,0.0,0.0,0.0,0.0,0.0,0.0,,,0.0,0.0,0.0
595,24476,Sean Clifford,GB,QB,9,DET,0.0,0.0,0.0,0.0,0.0,0.0,0.0,0.0,,,0.0,0.0,0.0
596,23146,Cornelius Johnson,GB,WR,9,DET,0.0,0.0,0.0,0.0,0.0,0.0,0.0,0.0,,,0.0,0.0,0.0
597,23211,MarShawn Lloyd,GB,RB,9,DET,0.0,0.0,0.0,0.0,0.0,0.0,0.0,0.0,,,0.0,0.0,0.0
598,25855,Alex Hale,GB,K,9,DET,0.0,0.0,0.0,0.0,0.0,0.0,0.0,0.0,,,0.0,0.0,0.0
599,24341,Malik Knowles,GB,WR,9,DET,0.0,0.0,0.0,0.0,0.0,0.0,0.0,0.0,,,0.0,0.0,0.0
600,19897,Tre'Quan Smith,DET,WR,9,GB,0.0,0.0,0.0,0.0,0.0,0.0,0.0,0.0,,,0.0,0.0,0.0
601,23614,John FitzPatrick,ATL,TE,9,DAL,0.0,0.0,0.0,0.0,0.0,0.0,0.0,0.0,,,0.0,0.0,0.0
602,16790,Phillip Dorsett,ATL,WR,9,DAL,0.0,0.0,0.0,0.0,0.0,0.0,0.0,0.0,,,0.0,0.0,0.0
603,22626,Rondale Moore,ATL,WR,9,DAL,0.0,0.0,0.0,0.0,0.0,0.0,0.0,0.0,,,0.0,0.0,0.0
604,24293,Antoine Green,DET,WR,9,GB,0.0,0.0,0.0,0.0,0.0,0.0,0.0,0.0,,,0.0,0.0,0.0
605,19029,Nathan Peterman,ATL,QB,9,DAL,0.0,0.0,0.0,0.0,0.0,0.0,0.0,0.0,,,0.0,0.0,0.0
606,24877,Ellis Merriweather,GB,RB,9,DET,0.0,0.0,0.0,0.0,0.0,0.0,0.0,0.0,,,0.0,0.0,0.0
607,24709,Jesse Matthews,ATL,WR,9,DAL,0.0,0.0,0.0,0.0,0.0,0.0,0.0,0.0,,,0.0,0.0,0.0
608,25652,Julian Hicks,GB,WR,9,DET,0.0,0.0,0.0,0.0,0.0,0.0,0.0,0.0,,,0.0,0.0,0.0
609,23867,Armani Rogers,ATL,TE,9,DAL,0.0,0.0,0.0,0.0,0.0,0.0,0.0,0.0,,,0.0,0.0,0.0
610,24875,Dylan Drummond,ATL,WR,9,DAL,0.0,0.0,0.0,0.0,0.0,0.0,0.0,0.0,,,0.0,0.0,0.0
611,24617,Princeton Fant,DAL,TE,9,ATL,0.0,0.0,0.0,0.0,0.0,0.0,0.0,0.0,,,0.0,0.0,0.0
612,23234,Jameson Williams,DET,WR,9,GB,0.0,0.0,0.0,0.0,0.0,0.0,0.0,0.0,,,0.0,0.0,0.0
613,22488,Chris Blair,ATL,WR,9,DAL,0.0,0.0,0.0,0.0,0.0,0.0,0.0,0.0,,,0.0,0.0,0.0
614,23084,Shane Zylstra,DET,TE,9,GB,0.0,0.0,0.0,0.0,0.0,0.0,0.0,0.0,,,0.0,0.0,0.0
615,24930,Sione Vaki,DET,RB,9,GB,0.0,0.0,0.0,0.0,0.0,0.0,0.0,0.0,,,0.0,0.0,0.0
616,23467,Jalen Cropper,DAL,WR,9,ATL,0.0,0.0,0.0,0.0,0.0,0.0,0.0,0.0,,,0.0,0.0,0.0
617,21754,Donovan Peoples-Jones,DET,WR,9,GB,0.0,0.0,0.0,0.0,0.0,0.0,0.0,0.0,,,0.0,0.0,0.0
618,25376,Sam Wiglusz,LAR,WR,9,SEA,0.0,0.0,0.0,0.0,0.0,0.0,0.0,0.0,,,0.0,0.0,0.0
619,23880,Malik Davis,DAL,RB,9,ATL,0.0,0.0,0.0,0.0,0.0,0.0,0.0,0.0,,,0.0,0.0,0.0
620,24304,Carlos Washington Jr.,ATL,RB,9,DAL,0.0,0.0,0.0,0.0,0.0,0.0,0.0,0.0,,,0.0,0.0,0.0
621,16568,Brandin Cooks,DAL,WR,9,ATL,0.0,0.0,0.0,0.0,0.0,0.0,0.0,0.0,,,0.0,0.0,0.0
622,21037,Miles Boykin,SEA,WR,9,LAR,0.0,0.0,0.0,0.0,0.0,0.0,0.0,0.0,,,0.0,0.0,0.0
623,22608,Seth Williams,DAL,WR,9,ATL,0.0,0.0,0.0,0.0,0.0,0.0,0.0,0.0,,,0.0,0.0,0.0
624,22407,Tyler Mabry,SEA,TE,9,LAR,0.0,0.0,0.0,0.0,0.0,0.0,0.0,0.0,,,0.0,0.0,0.0
625,22493,Trey Lance,DAL,QB,9,ATL,0.0,0.0,0.0,0.0,0.0,0.0,0.0,0.0,,,0.0,0.0,0.0
626,20789,Kelvin Harmon,DAL,WR,9,ATL,0.0,0.0,0.0,0.0,0.0,0.0,0.0,0.0,,,0.0,0.0,0.0
627,21636,Marcus Simms,SEA,WR,9,LAR,0.0,0.0,0.0,0.0,0.0,0.0,0.0,0.0,,,0.0,0.0,0.0
628,24776,John Stephens Jr.,DAL,TE,9,ATL,0.0,0.0,0.0,0.0,0.0,0.0,0.0,0.0,,,0.0,0.0,0.0
629,22520,Miller Forristall,LAR,TE,9,SEA,0.0,0.0,0.0,0.0,0.0,0.0,0.0,0.0,,,0.0,0.0,0.0
630,24351,Stetson Bennett,LAR,QB,9,SEA,0.0,0.0,0.0,0.0,0.0,0.0,0.0,0.0,,,0.0,0.0,0.0
631,25403,Spencer Shrader,NYJ,K,9,HOU,0.0,0.0,0.0,0.0,0.0,0.0,0.0,0.0,,,0.0,0.0,0.0
632,23182,Kedon Slovis,HOU,QB,9,NYJ,0.0,0.0,0.0,0.0,0.0,0.0,0.0,0.0,,,0.0,0.0,0.0
633,23632,Brittain Brown,SEA,RB,9,LAR,0.0,0.0,0.0,0.0,0.0,0.0,0.0,0.0,,,0.0,0.0,0.0
634,24598,Jared Wayne,HOU,WR,9,NYJ,0.0,0.0,0.0,0.0,0.0,0.0,0.0,0.0,,,0.0,0.0,0.0
635,24171,Jaren Hall,SEA,QB,9,LAR,0.0,0.0,0.0,0.0,0.0,0.0,0.0,0.0,,,0.0,0.0,0.0
636,20753,Noah Fant,SEA,TE,9,LAR,0.0,0.0,0.0,0.0,0.0,0.0,0.0,0.0,,,0.0,0.0,0.0
637,20949,Irv Smith,HOU,TE,9,NYJ,0.0,0.0,0.0,0.0,0.0,0.0,0.0,0.0,,,0.0,0.0,0.0
638,24991,Jawhar Jordan,HOU,RB,9,NYJ,0.0,0.0,0.0,0.0,0.0,0.0,0.0,0.0,,,0.0,0.0,0.0
639,23223,Dameon Pierce,HOU,RB,9,NYJ,0.0,0.0,0.0,0.0,0.0,0.0,0.0,0.0,,,0.0,0.0,0.0
640,21808,Dalton Keene,HOU,TE,9,NYJ,0.0,0.0,0.0,0.0,0.0,0.0,0.0,0.0,,,0.0,0.0,0.0
641,25486,Brenden Bates,NYJ,TE,9,HOU,0.0,0.0,0.0,0.0,0.0,0.0,0.0,0.0,,,0.0,0.0,0.0
642,22506,Brevin Jordan,HOU,TE,9,NYJ,0.0,0.0,0.0,0.0,0.0,0.0,0.0,0.0,,,0.0,0.0,0.0
643,21964,Cody White,SEA,WR,9,LAR,0.0,0.0,0.0,0.0,0.0,0.0,0.0,0.0,,,0.0,0.0,0.0
644,23196,George Holani,SEA,RB,9,LAR,0.0,0.0,0.0,0.0,0.0,0.0,0.0,0.0,,,0.0,0.0,0.0
645,25005,Drake Stoops,LAR,WR,9,SEA,0.0,0.0,0.0,0.0,0.0,0.0,0.0,0.0,,,0.0,0.0,0.0
646,20875,DK Metcalf,SEA,WR,9,LAR,0.0,0.0,0.0,0.0,0.0,0.0,0.0,0.0,,,0.0,0.0,0.0
647,21756,Nico Collins,HOU,WR,9,NYJ,0.0,0.0,0.0,0.0,0.0,0.0,0.0,0.0,,,0.0,0.0,0.0
648,21169,Malik Taylor,NYJ,WR,9,HOU,0.0,0.0,0.0,0.0,0.0,0.0,0.0,0.0,,,0.0,0.0,0.0
649,25698,Marcus Riley,NYJ,WR,9,HOU,0.0,0.0,0.0,0.0,0.0,0.0,0.0,0.0,,,0.0,0.0,0.0
650,25116,Jordan Travis,NYJ,QB,9,HOU,0.0,0.0,0.0,0.0,0.0,0.0,0.0,0.0,,,0.0,0.0,0.0
651,20145,Allen Lazard,NYJ,WR,9,HOU,0.0,0.0,0.0,0.0,0.0,0.0,0.0,0.0,,,0.0,0.0,0.0
652,18032,Tyler Higbee,LAR,TE,9,SEA,0.0,0.0,0.0,0.0,0.0,0.0,0.0,0.0,,,0.0,0.0,0.0
653,23415,Nikola Kalinic,LAR,TE,9,SEA,0.0,0.0,0.0,0.0,0.0,0.0,0.0,0.0,,,0.0,0.0,0.0
654,21729,Quintez Cephus,LAR,WR,9,SEA,0.0,0.0,0.0,0.0,0.0,0.0,0.0,0.0,,,0.0,0.0,0.0
655,23463,Kyle Philips,PHI,WR,9,JAX,0.0,0.0,0.0,0.0,0.0,0.0,0.0,0.0,,,0.0,0.0,0.0
656,21005,Parris Campbell,PHI,WR,9,JAX,0.0,0.0,0.0,0.0,0.0,0.0,0.0,0.0,,,0.0,0.0,0.0
657,23481,Velus Jones Jr.,JAX,WR,9,PHI,0.0,0.0,0.0,0.0,0.0,0.0,0.0,0.0,,,0.0,0.0,0.0
658,25137,Marcus Rosemy-Jacksaint,PHI,WR,9,JAX,0.0,0.0,0.0,0.0,0.0,0.0,0.0,0.0,,,0.0,0.0,0.0
659,25452,British Brooks,HOU,RB,9,NYJ,0.0,0.0,0.0,0.0,0.0,0.0,0.0,0.0,,,0.0,0.0,0.0
660,24507,Adrian Martinez,NYJ,QB,9,HOU,0.0,0.0,0.0,0.0,0.0,0.0,0.0,0.0,,,0.0,0.0,0.0
661,24345,Jason Brownlee,NYJ,WR,9,HOU,0.0,0.0,0.0,0.0,0.0,0.0,0.0,0.0,,,0.0,0.0,0.0
662,24825,Patrick Murtagh,JAX,TE,9,PHI,0.0,0.0,0.0,0.0,0.0,0.0,0.0,0.0,,,0.0,0.0,0.0
663,25120,Keilan Robinson,JAX,RB,9,PHI,0.0,0.0,0.0,0.0,0.0,0.0,0.0,0.0,,,0.0,0.0,0.0
664,25662,Shawn Bowman,JAX,TE,9,PHI,0.0,0.0,0.0,0.0,0.0,0.0,0.0,0.0,,,0.0,0.0,0.0
665,24211,Zack Kuntz,NYJ,TE,9,HOU,0.0,0.0,0.0,0.0,0.0,0.0,0.0,0.0,,,0.0,0.0,0.0
666,25316,David White Jr.,JAX,WR,9,PHI,0.0,0.0,0.0,0.0,0.0,0.0,0.0,0.0,,,0.0,0.0,0.0
667,24008,Troy Hairston,HOU,RB,9,NYJ,0.0,0.0,0.0,0.0,0.0,0.0,0.0,0.0,,,0.0,0.0,0.0
668,16906,Stefon Diggs,HOU,WR,9,NYJ,0.0,0.0,0.0,0.0,0.0,0.0,0.0,0.0,,,0.0,0.0,0.0
669,15694,Case Keenum,HOU,QB,9,NYJ,0.0,0.0,0.0,0.0,0.0,0.0,0.0,0.0,,,0.0,0.0,0.0
670,22637,Brandon Smith,NYJ,WR,9,HOU,0.0,0.0,0.0,0.0,0.0,0.0,0.0,0.0,,,0.0,0.0,0.0
671,25311,John Rhys Plumlee,JAX,QB,9,PHI,0.0,0.0,0.0,0.0,0.0,0.0,0.0,0.0,,,0.0,0.0,0.0
672,21531,Chris Myarick,HOU,TE,9,NYJ,0.0,0.0,0.0,0.0,0.0,0.0,0.0,0.0,,,0.0,0.0,0.0
673,22600,Johnny Johnson III,HOU,WR,9,NYJ,0.0,0.0,0.0,0.0,0.0,0.0,0.0,0.0,,,0.0,0.0,0.0
674,23302,Britain Covey,PHI,WR,9,JAX,0.0,0.0,0.0,0.0,0.0,0.0,0.0,0.0,,,0.0,0.0,0.0
675,24178,Israel Abanikanda,NYJ,RB,9,HOU,0.0,0.0,0.0,0.0,0.0,0.0,0.0,0.0,,,0.0,0.0,0.0
676,22676,Kene Nwangwu,NYJ,RB,9,HOU,0.0,0.0,0.0,0.0,0.0,0.0,0.0,0.0,,,0.0,0.0,0.0
677,25313,Joshua Cephus,JAX,WR,9,PHI,0.0,0.0,0.0,0.0,0.0,0.0,0.0,0.0,,,0.0,0.0,0.0
678,25459,Xavier Johnson,HOU,WR,9,NYJ,0.0,0.0,0.0,0.0,0.0,0.0,0.0,0.0,,,0.0,0.0,0.0
679,25114,Austin Reed,CHI,QB,9,ARI,0.0,0.0,0.0,0.0,0.0,0.0,0.0,0.0,,,0.0,0.0,0.0
680,24444,Travis Vokolek,ARI,TE,9,CHI,0.0,0.0,0.0,0.0,0.0,0.0,0.0,0.0,,,0.0,0.0,0.0
681,22234,Andre Baccellia,ARI,WR,9,CHI,0.0,0.0,0.0,0.0,0.0,0.0,0.0,0.0,,,0.0,0.0,0.0
682,549,Matt Prater,ARI,K,9,CHI,0.0,0.0,0.0,0.0,0.0,0.0,0.0,0.0,,,0.0,0.0,0.0
683,22678,Jake Funk,JAX,RB,9,PHI,0.0,0.0,0.0,0.0,0.0,0.0,0.0,0.0,,,0.0,0.0,0.0
684,22973,Austin Trammell,JAX,WR,9,PHI,0.0,0.0,0.0,0.0,0.0,0.0,0.0,0.0,,,0.0,0.0,0.0
685,23573,Danny Gray,PHI,WR,9,JAX,0.0,0.0,0.0,0.0,0.0,0.0,0.0,0.0,,,0.0,0.0,0.0
686,25314,Louis Rees-Zammit,JAX,RB,9,PHI,0.0,0.0,0.0,0.0,0.0,0.0,0.0,0.0,,,0.0,0.0,0.0
687,24124,Tanner McKee,PHI,QB,9,JAX,0.0,0.0,0.0,0.0,0.0,0.0,0.0,0.0,,,0.0,0.0,0.0
688,25338,Tejhaun Palmer,ARI,WR,9,CHI,0.0,0.0,0.0,0.0,0.0,0.0,0.0,0.0,,,0.0,0.0,0.0
689,21278,Stephen Carlson,CHI,TE,9,ARI,0.0,0.0,0.0,0.0,0.0,0.0,0.0,0.0,,,0.0,0.0,0.0
690,21721,Devin Duvernay,JAX,WR,9,PHI,0.0,0.0,0.0,0.0,0.0,0.0,0.0,0.0,,,0.0,0.0,0.0
691,25032,Xavier Weaver,ARI,WR,9,CHI,0.0,0.0,0.0,0.0,0.0,0.0,0.0,0.0,,,0.0,0.0,0.0
692,20779,Will Grier,PHI,QB,9,JAX,0.0,0.0,0.0,0.0,0.0,0.0,0.0,0.0,,,0.0,0.0,0.0
693,18030,Chris Moore,ARI,WR,9,CHI,0.0,0.0,0.0,0.0,0.0,0.0,0.0,0.0,,,0.0,0.0,0.0
694,22502,Desmond Ridder,ARI,QB,9,CHI,0.0,0.0,0.0,0.0,0.0,0.0,0.0,0.0,,,0.0,0.0,0.0
695,19815,Christian Kirk,JAX,WR,9,PHI,0.0,0.0,0.0,0.0,0.0,0.0,0.0,0.0,,,0.0,0.0,0.0
696,19863,Dallas Goedert,PHI,TE,9,JAX,0.0,0.0,0.0,0.0,0.0,0.0,0.0,0.0,,,0.0,0.0,0.0
697,23647,Anthony Brown,ARI,QB,9,CHI,0.0,0.0,0.0,0.0,0.0,0.0,0.0,0.0,,,0.0,0.0,0.0
698,23172,Tyrion Davis-Price,PHI,RB,9,JAX,0.0,0.0,0.0,0.0,0.0,0.0,0.0,0.0,,,0.0,0.0,0.0
699,24886,Jordan Murray,ARI,TE,9,CHI,0.0,0.0,0.0,0.0,0.0,0.0,0.0,0.0,,,0.0,0.0,0.0
700,25773,John Jackson,CHI,WR,9,ARI,0.0,0.0,0.0,0.0,0.0,0.0,0.0,0.0,,,0.0,0.0,0.0
701,16917,C.J. Uzomah,PHI,TE,9,JAX,0.0,0.0,0.0,0.0,0.0,0.0,0.0,0.0,,,0.0,0.0,0.0
702,18881,John Ross,PHI,WR,9,JAX,0.0,0.0,0.0,0.0,0.0,0.0,0.0,0.0,,,0.0,0.0,0.0
703,24800,E.J. Jenkins,PHI,TE,9,JAX,0.0,0.0,0.0,0.0,0.0,0.0,0.0,0.0,,,0.0,0.0,0.0
704,24539,Joel Wilson,CHI,TE,9,ARI,0.0,0.0,0.0,0.0,0.0,0.0,0.0,0.0,,,0.0,0.0,0.0
705,23634,Samori Toure,CHI,WR,9,ARI,0.0,0.0,0.0,0.0,0.0,0.0,0.0,0.0,,,0.0,0.0,0.0
706,23148,David Bell,CLE,WR,9,LAC,0.0,0.0,0.0,0.0,0.0,0.0,0.0,0.0,,,0.0,0.0,0.0
707,19823,Royce Freeman,CLE,RB,9,LAC,0.0,0.0,0.0,0.0,0.0,0.0,0.0,0.0,,,0.0,0.0,0.0
708,21730,Collin Johnson,CHI,WR,9,ARI,0.0,0.0,0.0,0.0,0.0,0.0,0.0,0.0,,,0.0,0.0,0.0
709,22553,Michael Carter,ARI,RB,9,CHI,0.0,0.0,0.0,0.0,0.0,0.0,0.0,0.0,,,0.0,0.0,0.0
710,20957,Tommy Sweeney,CHI,TE,9,ARI,0.0,0.0,0.0,0.0,0.0,0.0,0.0,0.0,,,0.0,0.0,0.0
711,25481,Ian Wheeler,CHI,RB,9,ARI,0.0,0.0,0.0,0.0,0.0,0.0,0.0,0.0,,,0.0,0.0,0.0
712,22556,Jaret Patterson,LAC,RB,9,CLE,0.0,0.0,0.0,0.0,0.0,0.0,0.0,0.0,,,0.0,0.0,0.0
713,21295,Nsimba Webster,CHI,WR,9,ARI,0.0,0.0,0.0,0.0,0.0,0.0,0.0,0.0,,,0.0,0.0,0.0
714,22672,Gary Brightwell,CLE,RB,9,LAC,0.0,0.0,0.0,0.0,0.0,0.0,0.0,0.0,,,0.0,0.0,0.0
715,23468,Michael Woods II,CLE,WR,9,LAC,0.0,0.0,0.0,0.0,0.0,0.0,0.0,0.0,,,0.0,0.0,0.0
716,24354,Blake Whiteheart,CLE,TE,9,LAC,0.0,0.0,0.0,0.0,0.0,0.0,0.0,0.0,,,0.0,0.0,0.0
717,22345,Dan Chisena,ARI,WR,9,CHI,0.0,0.0,0.0,0.0,0.0,0.0,0.0,0.0,,,0.0,0.0,0.0
718,23063,Bernhard Seikovits,ARI,TE,9,CHI,0.0,0.0,0.0,0.0,0.0,0.0,0.0,0.0,,,0.0,0.0,0.0
719,25391,McCallan Castles,LAC,TE,9,CLE,0.0,0.0,0.0,0.0,0.0,0.0,0.0,0.0,,,0.0,0.0,0.0
720,24021,Tucker Fisk,LAC,TE,9,CLE,0.0,0.0,0.0,0.0,0.0,0.0,0.0,0.0,,,0.0,0.0,0.0
721,25101,Brenden Rice,LAC,WR,9,CLE,0.0,0.0,0.0,0.0,0.0,0.0,0.0,0.0,,,0.0,0.0,0.0
722,21310,Khari Blasingame,CHI,RB,9,ARI,0.0,0.0,0.0,0.0,0.0,0.0,0.0,0.0,,,0.0,0.0,0.0
723,23355,Teagan Quitoriano,CHI,TE,9,ARI,0.0,0.0,0.0,0.0,0.0,0.0,0.0,0.0,,,0.0,0.0,0.0
724,24494,Colton Dowell,TEN,WR,9,NE,0.0,0.0,0.0,0.0,0.0,0.0,0.0,0.0,,,0.0,0.0,0.0
725,17009,Trevor Siemian,TEN,QB,9,NE,0.0,0.0,0.0,0.0,0.0,0.0,0.0,0.0,,,0.0,0.0,0.0
726,20239,Gus Edwards,LAC,RB,9,CLE,0.0,0.0,0.0,0.0,0.0,0.0,0.0,0.0,,,0.0,0.0,0.0
727,25447,JaQuae Jackson,NE,WR,9,TEN,0.0,0.0,0.0,0.0,0.0,0.0,0.0,0.0,,,0.0,0.0,0.0
728,25333,John Jiles,NE,WR,9,TEN,0.0,0.0,0.0,0.0,0.0,0.0,0.0,0.0,,,0.0,0.0,0.0
729,25123,Jack Westover,NE,TE,9,TEN,0.0,0.0,0.0,0.0,0.0,0.0,0.0,0.0,,,0.0,0.0,0.0
730,19912,Nyheim Hines,CLE,RB,9,LAC,0.0,0.0,0.0,0.0,0.0,0.0,0.0,0.0,,,0.0,0.0,0.0
731,25511,Jaylen Johnson,LAC,WR,9,CLE,0.0,0.0,0.0,0.0,0.0,0.0,0.0,0.0,,,0.0,0.0,0.0
732,23659,Tay Martin,TEN,WR,9,NE,0.0,0.0,0.0,0.0,0.0,0.0,0.0,0.0,,,0.0,0.0,0.0
733,23345,Kevin Harris,NE,RB,9,TEN,0.0,0.0,0.0,0.0,0.0,0.0,0.0,0.0,,,0.0,0.0,0.0
734,23119,Treylon Burks,TEN,WR,9,NE,0.0,0.0,0.0,0.0,0.0,0.0,0.0,0.0,,,0.0,0.0,0.0
735,18857,Deshaun Watson,CLE,QB,9,LAC,0.0,0.0,0.0,0.0,0.0,0.0,0.0,0.0,,,0.0,0.0,0.0
736,21800,Mitchell Wilcox,NE,TE,9,TEN,0.0,0.0,0.0,0.0,0.0,0.0,0.0,0.0,,,0.0,0.0,0.0
737,24420,Matt Landers,NE,WR,9,TEN,0.0,0.0,0.0,0.0,0.0,0.0,0.0,0.0,,,0.0,0.0,0.0
738,22415,Mason Kinsey,TEN,WR,9,NE,0.0,0.0,0.0,0.0,0.0,0.0,0.0,0.0,,,0.0,0.0,0.0
739,22591,Dez Fitzpatrick,LAC,WR,9,CLE,0.0,0.0,0.0,0.0,0.0,0.0,0.0,0.0,,,0.0,0.0,0.0
740,24421,Cameron Latu,CLE,TE,9,LAC,0.0,0.0,0.0,0.0,0.0,0.0,0.0,0.0,,,0.0,0.0,0.0
741,23889,Thomas Odukoya,TEN,TE,9,NE,0.0,0.0,0.0,0.0,0.0,0.0,0.0,0.0,,,0.0,0.0,0.0
742,25090,Terrell Jennings,NE,RB,9,TEN,0.0,0.0,0.0,0.0,0.0,0.0,0.0,0.0,,,0.0,0.0,0.0
743,25025,Joe Milton III,NE,QB,9,TEN,0.0,0.0,0.0,0.0,0.0,0.0,0.0,0.0,,,0.0,0.0,0.0
744,25647,David Martin-Robinson,TEN,TE,9,NE,0.0,0.0,0.0,0.0,0.0,0.0,0.0,0.0,,,0.0,0.0,0.0
745,24457,Scott Matlock,LAC,RB,9,CLE,0.0,0.0,0.0,0.0,0.0,0.0,0.0,0.0,0.3,0.0,0.0,0.0,0.0
746,25687,Bryce Oliver,TEN,WR,9,NE,0.0,0.0,0.0,0.0,0.0,0.0,0.0,0.0,,,0.0,0.0,0.0
747,24123,Tyjae Spears,TEN,RB,9,NE,0.0,0.0,0.0,0.0,0.0,0.0,0.0,0.0,,,0.0,0.0,0.0
748,21818,Shane Buechele,BUF,QB,9,MIA,0.0,0.0,0.0,0.0,0.0,0.0,0.0,0.0,,,0.0,0.0,0.0
749,21723,James Proche II,CLE,WR,9,LAC,0.0,0.0,0.0,0.0,0.0,0.0,0.0,0.0,,,0.0,0.0,0.0
750,25100,Frank Gore Jr.,BUF,RB,9,MIA,0.0,0.0,0.0,0.0,0.0,0.0,0.0,0.0,,,0.0,0.0,0.0
751,19980,Deon Cain,BUF,WR,9,MIA,0.0,0.0,0.0,0.0,0.0,0.0,0.0,0.0,,,0.0,0.0,0.0
752,21810,Tyler Huntley,MIA,QB,9,BUF,0.0,0.0,0.0,0.0,0.0,0.0,0.0,0.0,,,0.0,0.0,0.0
753,24738,John Samuel Shenker,LV,TE,9,CIN,0.0,0.0,0.0,0.0,0.0,0.0,0.0,0.0,,,0.0,0.0,0.0
754,16470,Davante Adams,LV,WR,9,CIN,0.0,0.0,0.0,0.0,0.0,0.0,0.0,0.0,,,0.0,0.0,0.0
755,23765,Tyreik McAllister,LV,WR,9,CIN,0.0,0.0,0.0,0.0,0.0,0.0,0.0,0.0,,,0.0,0.0,0.0
756,25199,Tahj Washington,MIA,WR,9,BUF,0.0,0.0,0.0,0.0,0.0,0.0,0.0,0.0,,,0.0,0.0,0.0
757,25529,Hayden Rucci,MIA,TE,9,BUF,0.0,0.0,0.0,0.0,0.0,0.0,0.0,0.0,,,0.0,0.0,0.0
758,20055,Logan Woodside,CIN,QB,9,LV,0.0,0.0,0.0,0.0,0.0,0.0,0.0,0.0,,,0.0,0.0,0.0
759,23140,Michael Mayer,LV,TE,9,CIN,0.0,0.0,0.0,0.0,0.0,0.0,0.0,0.0,,,0.0,0.0,0.0
760,21746,Tarik Black,MIA,WR,9,BUF,0.0,0.0,0.0,0.0,0.0,0.0,0.0,0.0,,,0.0,0.0,0.0
761,21759,KJ Hamler,BUF,WR,9,MIA,0.0,0.0,0.0,0.0,0.0,0.0,0.0,0.0,,,0.0,0.0,0.0
762,22685,Terrace Marshall Jr.,LV,WR,9,CIN,0.0,0.0,0.0,0.0,0.0,0.0,0.0,0.0,,,0.0,0.0,0.0
763,20977,Trevon Wesco,LV,TE,9,CIN,0.0,0.0,0.0,0.0,0.0,0.0,0.0,0.0,,,0.0,0.0,0.0
764,25504,Cole Burgess,CIN,WR,9,LV,0.0,0.0,0.0,0.0,0.0,0.0,0.0,0.0,,,0.0,0.0,0.0
765,23213,Kendall Milton,CIN,RB,9,LV,0.0,0.0,0.0,0.0,0.0,0.0,0.0,0.0,,,0.0,0.0,0.0
766,22206,Reggie Gilliam,BUF,RB,9,MIA,0.0,0.0,0.0,0.0,0.0,0.0,0.0,0.0,,,0.0,0.0,0.0
767,24511,Tyrell Shavers,BUF,WR,9,MIA,0.0,0.0,0.0,0.0,0.0,0.0,0.0,0.0,,,0.0,0.0,0.0
768,24365,Deneric Prince,MIA,RB,9,BUF,0.0,0.0,0.0,0.0,0.0,0.0,0.0,0.0,,,0.0,0.0,0.0
769,19972,Mike White,BUF,QB,9,MIA,0.0,0.0,0.0,0.0,0.0,0.0,0.0,0.0,,,0.0,0.0,0.0
770,23642,Jalen Virgil,BUF,WR,9,MIA,0.0,0.0,0.0,0.0,0.0,0.0,0.0,0.0,,,0.0,0.0,0.0
771,21448,Jalen Guyton,LV,WR,9,CIN,0.0,0.0,0.0,0.0,0.0,0.0,0.0,0.0,,,0.0,0.0,0.0
772,22647,Chris Evans,CIN,RB,9,LV,0.0,0.0,0.0,0.0,0.0,0.0,0.0,0.0,,,0.0,0.0,0.0
773,20038,Braxton Berrios,MIA,WR,9,BUF,0.0,0.0,0.0,0.0,0.0,0.0,0.0,0.0,,,0.0,0.0,0.0
774,25587,Ahmarean Brown,BUF,WR,9,MIA,0.0,0.0,0.0,0.0,0.0,0.0,0.0,0.0,,,0.0,0.0,0.0
775,22417,Kristian Wilkerson,LV,WR,9,CIN,0.0,0.0,0.0,0.0,0.0,0.0,0.0,0.0,,,0.0,0.0,0.0
776,23199,Sincere McCormick,LV,RB,9,CIN,0.0,0.0,0.0,0.0,0.0,0.0,0.0,0.0,,,0.0,0.0,0.0
777,25498,Ramel Keyton,LV,WR,9,CIN,0.0,0.0,0.0,0.0,0.0,0.0,0.0,0.0,,,0.0,0.0,0.0
778,24331,Grant DuBose,MIA,WR,9,BUF,0.0,0.0,0.0,0.0,0.0,0.0,0.0,0.0,,,0.0,0.0,0.0
779,25444,Jeff Foreman,LV,WR,9,CIN,0.0,0.0,0.0,0.0,0.0,0.0,0.0,0.0,,,0.0,0.0,0.0
780,18973,C.J. Beathard,MIA,QB,9,BUF,0.0,0.0,0.0,0.0,0.0,0.0,0.0,0.0,,,0.0,0.0,0.0
781,23325,Erik Ezukanma,MIA,WR,9,BUF,0.0,0.0,0.0,0.0,0.0,0.0,0.0,0.0,,,0.0,0.0,0.0
782,24079,Lucas Havrisik,BUF,K,9,MIA,0.0,0.0,0.0,0.0,0.0,0.0,0.0,0.0,,,0.0,0.0,0.0
783,22588,Anthony Schwartz,MIA,WR,9,BUF,0.0,0.0,0.0,0.0,0.0,0.0,0.0,0.0,,,0.0,0.0,0.0
784,21845,Darrynton Evans,BUF,RB,9,MIA,0.0,0.0,0.0,0.0,0.0,0.0,0.0,0.0,,,0.0,0.0,0.0
785,22667,Zach Davidson,BUF,TE,9,MIA,0.0,0.0,0.0,0.0,0.0,0.0,0.0,0.0,,,0.0,0.0,0.0
786,24350,Aidan O'Connell,LV,QB,9,CIN,0.0,0.0,0.0,0.0,0.0,0.0,0.0,0.0,,,0.0,0.0,0.0
787,25513,Cam Grandy,CIN,TE,9,LV,0.0,0.0,0.0,0.0,0.0,0.0,0.0,0.0,,,0.0,0.0,0.0
788,24463,Julian Hill,MIA,TE,9,BUF,0.0,0.0,0.0,0.0,0.0,0.0,0.0,0.0,,,0.0,0.0,0.0
789,25621,Treyton Welch,NO,TE,9,CAR,0.0,0.0,0.0,0.0,0.0,0.0,0.0,0.0,,,0.0,0.0,0.0
790,19980,Deon Cain,CAR,WR,9,NO,0.0,0.0,0.0,0.0,0.0,0.0,0.0,0.0,,,0.0,0.0,0.0
791,25759,Praise Olatoke,CAR,WR,9,NO,0.0,0.0,0.0,0.0,0.0,0.0,0.0,0.0,,,0.0,0.0,0.0
792,25065,Jacob Kibodi,NO,RB,9,CAR,0.0,0.0,0.0,0.0,0.0,0.0,0.0,0.0,,,0.0,0.0,0.0
793,23335,Cole Fotheringham,LV,TE,9,CIN,0.0,0.0,0.0,0.0,0.0,0.0,0.0,0.0,,,0.0,0.0,0.0
794,25044,Carter Bradley,LV,QB,9,CIN,0.0,0.0,0.0,0.0,0.0,0.0,0.0,0.0,,,0.0,0.0,0.0
795,25403,Spencer Shrader,IND,K,9,MIN,0.0,0.0,0.0,0.0,0.0,0.0,0.0,0.0,,,0.0,0.0,0.0
